galleryImageId,productId,variantId,colorVariantId,imageUrl,imageSource,productName,categoryId,categoryName,brandId,brandName,gender,color,price,finalPrice,isActive,availableQuantity
8bc2541158e2e3bfa15fb279:product_image,8bc2541158e2e3bfa15fb279,,,https://buggy.yodycdn.com/images/product/2773888ce2aab77cfbc16713f2d4185b.webp,product_image,Áo thu đông nam kẻ in gấu,05e167d1e970fcae15532bbc,Hoodie / Áo nỉ,a6c66b8d301ac0218dbc24e0,YODY,male,,99000,89100,true,794
8bc2541158e2e3bfa15fb279:22f57cf5b5c5299a2157f0bb:1860cf1d56f15c8eb39a85e9,8bc2541158e2e3bfa15fb279,22f57cf5b5c5299a2157f0bb,1860cf1d56f15c8eb39a85e9,https://buggy.yodycdn.com/images/product/2773888ce2aab77cfbc16713f2d4185b.webp,color_variant_image,Áo thu đông nam kẻ in gấu,05e167d1e970fcae15532bbc,Hoodie / Áo nỉ,a6c66b8d301ac0218dbc24e0,YODY,male,Trắng kẻ ghi đậm,99000,89100,true,154
8bc2541158e2e3bfa15fb279:22f57cf5b5c5299a2157f0bb:e1918f617caa585c8f2228ef,8bc2541158e2e3bfa15fb279,22f57cf5b5c5299a2157f0bb,e1918f617caa585c8f2228ef,https://buggy.yodycdn.com/images/product/0fa2f6988b29421b8dee213c416f6bbc.webp,color_variant_image,Áo thu đông nam kẻ in gấu,05e167d1e970fcae15532bbc,Hoodie / Áo nỉ,a6c66b8d301ac0218dbc24e0,YODY,male,Trắng kẻ tím than,99000,89100,true,160
8bc2541158e2e3bfa15fb279:22f57cf5b5c5299a2157f0bb:3e2eaad2983dca106d52db2c,8bc2541158e2e3bfa15fb279,22f57cf5b5c5299a2157f0bb,3e2eaad2983dca106d52db2c,https://buggy.yodycdn.com/images/product/f0d9ce002fc412db9c93e96be4205be5.webp,color_variant_image,Áo thu đông nam kẻ in gấu,05e167d1e970fcae15532bbc,Hoodie / Áo nỉ,a6c66b8d301ac0218dbc24e0,YODY,male,Trắng kẻ đen,99000,89100,true,160
8bc2541158e2e3bfa15fb279:22f57cf5b5c5299a2157f0bb:1935f636c411d9d1e2782403,8bc2541158e2e3bfa15fb279,22f57cf5b5c5299a2157f0bb,1935f636c411d9d1e2782403,https://buggy.yodycdn.com/images/product/29268f15aa673b571157c66b17364a04.webp,color_variant_image,Áo thu đông nam kẻ in gấu,05e167d1e970fcae15532bbc,Hoodie / Áo nỉ,a6c66b8d301ac0218dbc24e0,YODY,male,Đỏ kẻ trắng,99000,89100,true,160
8bc2541158e2e3bfa15fb279:22f57cf5b5c5299a2157f0bb:2c52b4be5d67c69f392f020d,8bc2541158e2e3bfa15fb279,22f57cf5b5c5299a2157f0bb,2c52b4be5d67c69f392f020d,https://buggy.yodycdn.com/images/product/f4afcd408dde3855477ca918fc89234d.webp,color_variant_image,Áo thu đông nam kẻ in gấu,05e167d1e970fcae15532bbc,Hoodie / Áo nỉ,a6c66b8d301ac0218dbc24e0,YODY,male,Navy kẻ trắng,99000,89100,true,160
64771f5fa22fd93b81d5127c:product_image,64771f5fa22fd93b81d5127c,,,https://buggy.yodycdn.com/images/product/04d029be750a04d49beeebecfed1dd19.webp,product_image,Áo Polo Nam Sợi Se Phối Nẹp,43664554fe2d2ee1bd5ee884,Áo polo,a6c66b8d301ac0218dbc24e0,YODY,male,,99000,89100,true,239
64771f5fa22fd93b81d5127c:ad17823a8542ba10fb829ba9:15c16d6ab08d8e4e80479530,64771f5fa22fd93b81d5127c,ad17823a8542ba10fb829ba9,15c16d6ab08d8e4e80479530,https://buggy.yodycdn.com/images/product/04d029be750a04d49beeebecfed1dd19.webp,color_variant_image,Áo Polo Nam Sợi Se Phối Nẹp,43664554fe2d2ee1bd5ee884,Áo polo,a6c66b8d301ac0218dbc24e0,YODY,male,Xanh đen,99000,89100,true,239
8e259df3bc1a520b6bdd93f9:product_image,8e259df3bc1a520b6bdd93f9,,,https://buggy.yodycdn.com/images/product/ed3496f14c475f9ba5e472d0319f22ee.webp,product_image,Quần Âu Nữ Lưng Cao Ống Côn 3 Cúc,cac1da5776adbdf5a8408fc1,Quần âu,a6c66b8d301ac0218dbc24e0,YODY,female,,49000,44100,true,219
8e259df3bc1a520b6bdd93f9:ad62d319d7629ad4050d6c34:0a73db883d60815d3cc98c0e,8e259df3bc1a520b6bdd93f9,ad62d319d7629ad4050d6c34,0a73db883d60815d3cc98c0e,https://buggy.yodycdn.com/images/product/ed3496f14c475f9ba5e472d0319f22ee.webp,color_variant_image,Quần Âu Nữ Lưng Cao Ống Côn 3 Cúc,cac1da5776adbdf5a8408fc1,Quần âu,a6c66b8d301ac0218dbc24e0,YODY,female,Be,49000,44100,true,59
8e259df3bc1a520b6bdd93f9:ad62d319d7629ad4050d6c34:4cf25f5f828f7ad7c7041d6f,8e259df3bc1a520b6bdd93f9,ad62d319d7629ad4050d6c34,4cf25f5f828f7ad7c7041d6f,https://buggy.yodycdn.com/images/product/c1fc516cb854a174bf12ce6fdf4f9d42.webp,color_variant_image,Quần Âu Nữ Lưng Cao Ống Côn 3 Cúc,cac1da5776adbdf5a8408fc1,Quần âu,a6c66b8d301ac0218dbc24e0,YODY,female,Nâu,49000,44100,true,80
8e259df3bc1a520b6bdd93f9:ad62d319d7629ad4050d6c34:10103b90ea23d7d0ad86968e,8e259df3bc1a520b6bdd93f9,ad62d319d7629ad4050d6c34,10103b90ea23d7d0ad86968e,https://buggy.yodycdn.com/images/product/b15d589a1d4125745fe77b39c08899b3.webp,color_variant_image,Quần Âu Nữ Lưng Cao Ống Côn 3 Cúc,cac1da5776adbdf5a8408fc1,Quần âu,a6c66b8d301ac0218dbc24e0,YODY,female,Tím than,49000,44100,true,80
8e259df3bc1a520b6bdd93f9:ad62d319d7629ad4050d6c34:2ad9b19b16e1d2314f3ad3dc,8e259df3bc1a520b6bdd93f9,ad62d319d7629ad4050d6c34,2ad9b19b16e1d2314f3ad3dc,https://buggy.yodycdn.com/images/product/2c07710259eb7f26dd5d251c7b11b57a.webp,color_variant_image,Quần Âu Nữ Lưng Cao Ống Côn 3 Cúc,cac1da5776adbdf5a8408fc1,Quần âu,a6c66b8d301ac0218dbc24e0,YODY,female,Đen,49000,44100,true,0
93afafa6bb59d52c9e2f5830:product_image,93afafa6bb59d52c9e2f5830,,,https://buggy.yodycdn.com/images/product/6ab971478eada62f8d34deebdbf1016c.webp,product_image,Bộ đồ thể thao nam áo Hoodie,84d9b69c98e6cf7b9ac4cff9,Bộ thể thao,a6c66b8d301ac0218dbc24e0,YODY,male,,99000,99000,true,478
93afafa6bb59d52c9e2f5830:51a5d0f2cb11d2840edfdfd6:9fb7f424151e4eb8d1ddee03,93afafa6bb59d52c9e2f5830,51a5d0f2cb11d2840edfdfd6,9fb7f424151e4eb8d1ddee03,https://buggy.yodycdn.com/images/product/6ab971478eada62f8d34deebdbf1016c.webp,color_variant_image,Bộ đồ thể thao nam áo Hoodie,84d9b69c98e6cf7b9ac4cff9,Bộ thể thao,a6c66b8d301ac0218dbc24e0,YODY,male,Đen,99000,99000,true,78
93afafa6bb59d52c9e2f5830:51a5d0f2cb11d2840edfdfd6:a6aeb21991225afd23558f64,93afafa6bb59d52c9e2f5830,51a5d0f2cb11d2840edfdfd6,a6aeb21991225afd23558f64,https://buggy.yodycdn.com/images/product/7c3d5a78dee21be4cb6c205daa461ce2.webp,color_variant_image,Bộ đồ thể thao nam áo Hoodie,84d9b69c98e6cf7b9ac4cff9,Bộ thể thao,a6c66b8d301ac0218dbc24e0,YODY,male,Navy,99000,99000,true,160
93afafa6bb59d52c9e2f5830:51a5d0f2cb11d2840edfdfd6:c83916342a5db66a75d27a22,93afafa6bb59d52c9e2f5830,51a5d0f2cb11d2840edfdfd6,c83916342a5db66a75d27a22,https://buggy.yodycdn.com/images/product/190aa8cffe0e80fbbdba008f52c21c88.webp,color_variant_image,Bộ đồ thể thao nam áo Hoodie,84d9b69c98e6cf7b9ac4cff9,Bộ thể thao,a6c66b8d301ac0218dbc24e0,YODY,male,Cổ vịt,99000,99000,true,80
93afafa6bb59d52c9e2f5830:51a5d0f2cb11d2840edfdfd6:598a10d4509f3eb1a8fc2189,93afafa6bb59d52c9e2f5830,51a5d0f2cb11d2840edfdfd6,598a10d4509f3eb1a8fc2189,https://buggy.yodycdn.com/images/product/37858e8017263ceaccaafe058c5c54ff.webp,color_variant_image,Bộ đồ thể thao nam áo Hoodie,84d9b69c98e6cf7b9ac4cff9,Bộ thể thao,a6c66b8d301ac0218dbc24e0,YODY,male,Xanh oliver,99000,99000,true,80
93afafa6bb59d52c9e2f5830:51a5d0f2cb11d2840edfdfd6:6e1f094b46a645ac79e2b3ad,93afafa6bb59d52c9e2f5830,51a5d0f2cb11d2840edfdfd6,6e1f094b46a645ac79e2b3ad,https://buggy.yodycdn.com/images/product/81a94c989f73f6d3273eb1e189ec5084.webp,color_variant_image,Bộ đồ thể thao nam áo Hoodie,84d9b69c98e6cf7b9ac4cff9,Bộ thể thao,a6c66b8d301ac0218dbc24e0,YODY,male,Xám,99000,99000,true,80
fe13c39f2822ad039266b3d5:product_image,fe13c39f2822ad039266b3d5,,,https://buggy.yodycdn.com/images/product/c8b77512eb238bb0e3b12df70955f587.webp,product_image,Áo Giữ Nhiệt Nữ Cổ 3cm Dáng Ôm,63fba99937d4e37a82bfa20f,Áo giữ nhiệt,a6c66b8d301ac0218dbc24e0,YODY,female,,49000,49000,true,800
fe13c39f2822ad039266b3d5:bba67d6c8e08322b512afcc4:68699949d01610557b9bf5ab,fe13c39f2822ad039266b3d5,bba67d6c8e08322b512afcc4,68699949d01610557b9bf5ab,https://buggy.yodycdn.com/images/product/c8b77512eb238bb0e3b12df70955f587.webp,color_variant_image,Áo Giữ Nhiệt Nữ Cổ 3cm Dáng Ôm,63fba99937d4e37a82bfa20f,Áo giữ nhiệt,a6c66b8d301ac0218dbc24e0,YODY,female,Trắng,49000,49000,true,200
fe13c39f2822ad039266b3d5:bba67d6c8e08322b512afcc4:92bad8e61a291a8e49fca989,fe13c39f2822ad039266b3d5,bba67d6c8e08322b512afcc4,92bad8e61a291a8e49fca989,https://buggy.yodycdn.com/images/product/7c0d2dae38b24060797104b164d1f9a0.webp,color_variant_image,Áo Giữ Nhiệt Nữ Cổ 3cm Dáng Ôm,63fba99937d4e37a82bfa20f,Áo giữ nhiệt,a6c66b8d301ac0218dbc24e0,YODY,female,Navy,49000,49000,true,200
fe13c39f2822ad039266b3d5:bba67d6c8e08322b512afcc4:58a9b7b8c08036b4b3bd76db,fe13c39f2822ad039266b3d5,bba67d6c8e08322b512afcc4,58a9b7b8c08036b4b3bd76db,https://buggy.yodycdn.com/images/product/ed4851319e9fcd05cc7e4216939c48c9.webp,color_variant_image,Áo Giữ Nhiệt Nữ Cổ 3cm Dáng Ôm,63fba99937d4e37a82bfa20f,Áo giữ nhiệt,a6c66b8d301ac0218dbc24e0,YODY,female,Đen,49000,49000,true,200
fe13c39f2822ad039266b3d5:bba67d6c8e08322b512afcc4:78e7cc3e5b8ad0c8c442c860,fe13c39f2822ad039266b3d5,bba67d6c8e08322b512afcc4,78e7cc3e5b8ad0c8c442c860,https://buggy.yodycdn.com/images/product/486b133cca6777baeefb2cd0792e0f30.webp,color_variant_image,Áo Giữ Nhiệt Nữ Cổ 3cm Dáng Ôm,63fba99937d4e37a82bfa20f,Áo giữ nhiệt,a6c66b8d301ac0218dbc24e0,YODY,female,Xanh cổ vịt,49000,49000,true,200
be06feea04eac8eb6fb1fdb4:product_image,be06feea04eac8eb6fb1fdb4,,,https://buggy.yodycdn.com/images/product/f5baebf3ae89fb880f31467cef7650c7.webp,product_image,Bộ Quần Áo Thể Thao Nữ Thấm Hút Tốt,9b2b9a45d0daff73d56ae251,Bộ thể thao,a6c66b8d301ac0218dbc24e0,YODY,female,,49000,49000,true,180
be06feea04eac8eb6fb1fdb4:df825976d9d721392c456ce6:9ec84d9ab3e8cfa42ac3389d,be06feea04eac8eb6fb1fdb4,df825976d9d721392c456ce6,9ec84d9ab3e8cfa42ac3389d,https://buggy.yodycdn.com/images/product/f5baebf3ae89fb880f31467cef7650c7.webp,color_variant_image,Bộ Quần Áo Thể Thao Nữ Thấm Hút Tốt,9b2b9a45d0daff73d56ae251,Bộ thể thao,a6c66b8d301ac0218dbc24e0,YODY,female,Đen,49000,49000,true,60
be06feea04eac8eb6fb1fdb4:df825976d9d721392c456ce6:4fc76cd572a3df4e03cf506a,be06feea04eac8eb6fb1fdb4,df825976d9d721392c456ce6,4fc76cd572a3df4e03cf506a,https://buggy.yodycdn.com/images/product/098c8da57263e78280891c920553bf42.webp,color_variant_image,Bộ Quần Áo Thể Thao Nữ Thấm Hút Tốt,9b2b9a45d0daff73d56ae251,Bộ thể thao,a6c66b8d301ac0218dbc24e0,YODY,female,Trắng tím,49000,49000,true,60
be06feea04eac8eb6fb1fdb4:df825976d9d721392c456ce6:c689d2216ae6bc0cfb298b27,be06feea04eac8eb6fb1fdb4,df825976d9d721392c456ce6,c689d2216ae6bc0cfb298b27,https://buggy.yodycdn.com/images/product/621b979d9f235d0f62c7a48b1ed259cf.webp,color_variant_image,Bộ Quần Áo Thể Thao Nữ Thấm Hút Tốt,9b2b9a45d0daff73d56ae251,Bộ thể thao,a6c66b8d301ac0218dbc24e0,YODY,female,Trắng đen,49000,49000,true,60
c543e525a21574f6bd95e8c1:product_image,c543e525a21574f6bd95e8c1,,,https://buggy.yodycdn.com/images/product/d2f2c30fecdbaad01c8a1eff1f5da28e.webp,product_image,Áo Polo Nam Mắt Chim In Túi,43664554fe2d2ee1bd5ee884,Áo polo,a6c66b8d301ac0218dbc24e0,YODY,male,,99000,99000,true,480
c543e525a21574f6bd95e8c1:61bf9412d7dee0873e29749a:7774aa2b6c9d6e7077252a23,c543e525a21574f6bd95e8c1,61bf9412d7dee0873e29749a,7774aa2b6c9d6e7077252a23,https://buggy.yodycdn.com/images/product/d2f2c30fecdbaad01c8a1eff1f5da28e.webp,color_variant_image,Áo Polo Nam Mắt Chim In Túi,43664554fe2d2ee1bd5ee884,Áo polo,a6c66b8d301ac0218dbc24e0,YODY,male,Trắng,99000,99000,true,240
c543e525a21574f6bd95e8c1:61bf9412d7dee0873e29749a:7634fe8ae7d0d4a007f4ea35,c543e525a21574f6bd95e8c1,61bf9412d7dee0873e29749a,7634fe8ae7d0d4a007f4ea35,https://buggy.yodycdn.com/images/product/6820b7d9adad7c00f1c7ba11c0facfc6.webp,color_variant_image,Áo Polo Nam Mắt Chim In Túi,43664554fe2d2ee1bd5ee884,Áo polo,a6c66b8d301ac0218dbc24e0,YODY,male,Đen,99000,99000,true,240
32736048dd640fb65fb85672:product_image,32736048dd640fb65fb85672,,,https://buggy.yodycdn.com/images/product/085c53bfab79282aec8b0358e3006753.webp,product_image,Áo Len Nữ Form Rộng Họa Tiết Sọc Ngang,94266f90e20f823fbcb239a7,Áo len,a6c66b8d301ac0218dbc24e0,YODY,female,,49000,49000,true,480
32736048dd640fb65fb85672:a009fb6488ae14de486db99d:6cf0405212c401bd431b3b73,32736048dd640fb65fb85672,a009fb6488ae14de486db99d,6cf0405212c401bd431b3b73,https://buggy.yodycdn.com/images/product/085c53bfab79282aec8b0358e3006753.webp,color_variant_image,Áo Len Nữ Form Rộng Họa Tiết Sọc Ngang,94266f90e20f823fbcb239a7,Áo len,a6c66b8d301ac0218dbc24e0,YODY,female,Đen kẻ trắng,49000,49000,true,120
32736048dd640fb65fb85672:a009fb6488ae14de486db99d:261d176a015e6dfc181a6ed3,32736048dd640fb65fb85672,a009fb6488ae14de486db99d,261d176a015e6dfc181a6ed3,https://buggy.yodycdn.com/images/product/d8d2f313040e1561fda941eb233efe67.webp,color_variant_image,Áo Len Nữ Form Rộng Họa Tiết Sọc Ngang,94266f90e20f823fbcb239a7,Áo len,a6c66b8d301ac0218dbc24e0,YODY,female,Tím than kẻ trắng,49000,49000,true,120
32736048dd640fb65fb85672:a009fb6488ae14de486db99d:df605d635491f2ba8c71358d,32736048dd640fb65fb85672,a009fb6488ae14de486db99d,df605d635491f2ba8c71358d,https://buggy.yodycdn.com/images/product/d5e8d47265e345d74f9aa29e65c6c05c.webp,color_variant_image,Áo Len Nữ Form Rộng Họa Tiết Sọc Ngang,94266f90e20f823fbcb239a7,Áo len,a6c66b8d301ac0218dbc24e0,YODY,female,Trắng kẻ xanh,49000,49000,true,120
32736048dd640fb65fb85672:a009fb6488ae14de486db99d:b017431f48b13c79f8c9e2a4,32736048dd640fb65fb85672,a009fb6488ae14de486db99d,b017431f48b13c79f8c9e2a4,https://buggy.yodycdn.com/images/product/818c8bf3983b4b78c4daf70a5bb2e139.webp,color_variant_image,Áo Len Nữ Form Rộng Họa Tiết Sọc Ngang,94266f90e20f823fbcb239a7,Áo len,a6c66b8d301ac0218dbc24e0,YODY,female,Trắng Kẻ Cam,49000,49000,true,120
bc492e32ec672b0d1f935789:product_image,bc492e32ec672b0d1f935789,,,https://buggy.yodycdn.com/images/product/3b9e795547c6192356afc991ef2bd175.webp,product_image,Quần Âu Nam Cạp Chun Tiện Lợi,12d215cd1e5ab12528c5ce7a,Quần âu,a6c66b8d301ac0218dbc24e0,YODY,male,,49000,41650,true,637
bc492e32ec672b0d1f935789:b437b643cf04c60bd0f32183:4de77456fb90ed68a5132a97,bc492e32ec672b0d1f935789,b437b643cf04c60bd0f32183,4de77456fb90ed68a5132a97,https://buggy.yodycdn.com/images/product/3b9e795547c6192356afc991ef2bd175.webp,color_variant_image,Quần Âu Nam Cạp Chun Tiện Lợi,12d215cd1e5ab12528c5ce7a,Quần âu,a6c66b8d301ac0218dbc24e0,YODY,male,Ghi,49000,41650,true,237
bc492e32ec672b0d1f935789:b437b643cf04c60bd0f32183:fd75f6a6a1d31c64968f5a8a,bc492e32ec672b0d1f935789,b437b643cf04c60bd0f32183,fd75f6a6a1d31c64968f5a8a,https://buggy.yodycdn.com/images/product/d52b16b87593f659037b0e5d945ccff5.webp,color_variant_image,Quần Âu Nam Cạp Chun Tiện Lợi,12d215cd1e5ab12528c5ce7a,Quần âu,a6c66b8d301ac0218dbc24e0,YODY,male,Tím than,49000,41650,true,200
bc492e32ec672b0d1f935789:b437b643cf04c60bd0f32183:2ff732b105350778957c3235,bc492e32ec672b0d1f935789,b437b643cf04c60bd0f32183,2ff732b105350778957c3235,https://buggy.yodycdn.com/images/product/4cec43ed2813e8e4cf934673eb614f2c.webp,color_variant_image,Quần Âu Nam Cạp Chun Tiện Lợi,12d215cd1e5ab12528c5ce7a,Quần âu,a6c66b8d301ac0218dbc24e0,YODY,male,Chì .,49000,41650,true,100
bc492e32ec672b0d1f935789:b437b643cf04c60bd0f32183:7181fa6bfcbea4580d992c2b,bc492e32ec672b0d1f935789,b437b643cf04c60bd0f32183,7181fa6bfcbea4580d992c2b,https://buggy.yodycdn.com/images/product/7c55fe954eb26f137e98f89c904fcfb2.webp,color_variant_image,Quần Âu Nam Cạp Chun Tiện Lợi,12d215cd1e5ab12528c5ce7a,Quần âu,a6c66b8d301ac0218dbc24e0,YODY,male,Đen,49000,41650,true,100
d2cb577f0f884de0117b3668:product_image,d2cb577f0f884de0117b3668,,,https://buggy.yodycdn.com/images/product/9dac5749d11520b92e5b706abe46fb0c.webp,product_image,Áo Thun Nam Thể Thao Thấm Hút Vượt Trội,e425f1aff5a8452bb4fbaad5,Áo thun,a6c66b8d301ac0218dbc24e0,YODY,male,,49000,41650,true,800
d2cb577f0f884de0117b3668:4f1a731dfaf979032af6fdb2:678aebd081e52d553e2001b1,d2cb577f0f884de0117b3668,4f1a731dfaf979032af6fdb2,678aebd081e52d553e2001b1,https://buggy.yodycdn.com/images/product/9dac5749d11520b92e5b706abe46fb0c.webp,color_variant_image,Áo Thun Nam Thể Thao Thấm Hút Vượt Trội,e425f1aff5a8452bb4fbaad5,Áo thun,a6c66b8d301ac0218dbc24e0,YODY,male,Ghi,49000,41650,true,160
d2cb577f0f884de0117b3668:4f1a731dfaf979032af6fdb2:cd4f3bc888f390d27a8880ae,d2cb577f0f884de0117b3668,4f1a731dfaf979032af6fdb2,cd4f3bc888f390d27a8880ae,https://buggy.yodycdn.com/images/product/94b7d0460b217a546eb8371fecd99323.webp,color_variant_image,Áo Thun Nam Thể Thao Thấm Hút Vượt Trội,e425f1aff5a8452bb4fbaad5,Áo thun,a6c66b8d301ac0218dbc24e0,YODY,male,Cam,49000,41650,true,160
d2cb577f0f884de0117b3668:4f1a731dfaf979032af6fdb2:1e1a2bc22d092038b1473fee,d2cb577f0f884de0117b3668,4f1a731dfaf979032af6fdb2,1e1a2bc22d092038b1473fee,https://buggy.yodycdn.com/images/product/e8c1be28535fb726afd603d60186166f.webp,color_variant_image,Áo Thun Nam Thể Thao Thấm Hút Vượt Trội,e425f1aff5a8452bb4fbaad5,Áo thun,a6c66b8d301ac0218dbc24e0,YODY,male,Tím than,49000,41650,true,160
d2cb577f0f884de0117b3668:4f1a731dfaf979032af6fdb2:a199bd28ff6ba70db440a2f7,d2cb577f0f884de0117b3668,4f1a731dfaf979032af6fdb2,a199bd28ff6ba70db440a2f7,https://buggy.yodycdn.com/images/product/5e42051bae6a81d74959e867405de977.webp,color_variant_image,Áo Thun Nam Thể Thao Thấm Hút Vượt Trội,e425f1aff5a8452bb4fbaad5,Áo thun,a6c66b8d301ac0218dbc24e0,YODY,male,Đen,49000,41650,true,160
d2cb577f0f884de0117b3668:4f1a731dfaf979032af6fdb2:8b6d5bec310f498458418425,d2cb577f0f884de0117b3668,4f1a731dfaf979032af6fdb2,8b6d5bec310f498458418425,https://buggy.yodycdn.com/images/product/c49d5a669d78212a5664234b7094aff6.webp,color_variant_image,Áo Thun Nam Thể Thao Thấm Hút Vượt Trội,e425f1aff5a8452bb4fbaad5,Áo thun,a6c66b8d301ac0218dbc24e0,YODY,male,Trắng,49000,41650,true,160
ee67e9563f46b5b35e3a9f52:product_image,ee67e9563f46b5b35e3a9f52,,,https://buggy.yodycdn.com/images/product/1df8b0efdfd10fdb48ee53482397fb57.webp,product_image,Giày Nam Moccasin Da Saffiano Đai Khóa,586c61789a581be481dac069,Giày lười,a6c66b8d301ac0218dbc24e0,YODY,male,,49000,49000,true,199
ee67e9563f46b5b35e3a9f52:c147d588e1dc537495718211:7d4f17c596d5f185bf6d752b,ee67e9563f46b5b35e3a9f52,c147d588e1dc537495718211,7d4f17c596d5f185bf6d752b,https://buggy.yodycdn.com/images/product/1df8b0efdfd10fdb48ee53482397fb57.webp,color_variant_image,Giày Nam Moccasin Da Saffiano Đai Khóa,586c61789a581be481dac069,Giày lười,a6c66b8d301ac0218dbc24e0,YODY,male,Đen,49000,49000,true,199
e4e8cf54a3b605a2f612804e:product_image,e4e8cf54a3b605a2f612804e,,,https://buggy.yodycdn.com/images/product/d3fdf95fd1e904568bfd493a6d452278.webp,product_image,Áo Polo Nam In Màu Thấm Hút Mồ Hôi Tốt,43664554fe2d2ee1bd5ee884,Áo polo,a6c66b8d301ac0218dbc24e0,YODY,male,,49000,49000,true,240
e4e8cf54a3b605a2f612804e:9cdbdc36ee6d9b3cf8fe2a1d:2d5aa7228c2b98d711e02f83,e4e8cf54a3b605a2f612804e,9cdbdc36ee6d9b3cf8fe2a1d,2d5aa7228c2b98d711e02f83,https://buggy.yodycdn.com/images/product/d3fdf95fd1e904568bfd493a6d452278.webp,color_variant_image,Áo Polo Nam In Màu Thấm Hút Mồ Hôi Tốt,43664554fe2d2ee1bd5ee884,Áo polo,a6c66b8d301ac0218dbc24e0,YODY,male,Trắng phối navy,49000,49000,true,240
2f5fa044af449c0a22678290:product_image,2f5fa044af449c0a22678290,,,https://buggy.yodycdn.com/images/product/965f515ded31bc54c2c5df24fa905696.webp,product_image,Quần Baggy Nữ Lưng Cao Nano Gấu Lơ Vê,9b440a922f3625fa4ec34d21,Quần baggy,a6c66b8d301ac0218dbc24e0,YODY,female,,49000,49000,true,480
2f5fa044af449c0a22678290:a2cafc16f76ae7dca1d4b3b8:7b28ab99e3d24c0b8c7e68dd,2f5fa044af449c0a22678290,a2cafc16f76ae7dca1d4b3b8,7b28ab99e3d24c0b8c7e68dd,https://buggy.yodycdn.com/images/product/965f515ded31bc54c2c5df24fa905696.webp,color_variant_image,Quần Baggy Nữ Lưng Cao Nano Gấu Lơ Vê,9b440a922f3625fa4ec34d21,Quần baggy,a6c66b8d301ac0218dbc24e0,YODY,female,Trắng,49000,49000,true,160
2f5fa044af449c0a22678290:a2cafc16f76ae7dca1d4b3b8:5b2832ad8ea0a4d6554234a5,2f5fa044af449c0a22678290,a2cafc16f76ae7dca1d4b3b8,5b2832ad8ea0a4d6554234a5,https://buggy.yodycdn.com/images/product/95442900b1f2fa4dcfc95964f7541e3f.webp,color_variant_image,Quần Baggy Nữ Lưng Cao Nano Gấu Lơ Vê,9b440a922f3625fa4ec34d21,Quần baggy,a6c66b8d301ac0218dbc24e0,YODY,female,Nâu đậm,49000,49000,true,160
2f5fa044af449c0a22678290:a2cafc16f76ae7dca1d4b3b8:4a35df6b64878c9b45ddb3af,2f5fa044af449c0a22678290,a2cafc16f76ae7dca1d4b3b8,4a35df6b64878c9b45ddb3af,https://buggy.yodycdn.com/images/product/83d8fd50bf56a162430cb0069cdfe2c6.webp,color_variant_image,Quần Baggy Nữ Lưng Cao Nano Gấu Lơ Vê,9b440a922f3625fa4ec34d21,Quần baggy,a6c66b8d301ac0218dbc24e0,YODY,female,Nâu nhạt,49000,49000,true,160
83b1de630d040d81aadb8f2f:product_image,83b1de630d040d81aadb8f2f,,,https://buggy.yodycdn.com/images/product/a7cce6459dec30923094643b198a46a7.webp,product_image,Áo polo nam pique sồi,43664554fe2d2ee1bd5ee884,Áo polo,a6c66b8d301ac0218dbc24e0,YODY,male,,99000,99000,true,240
83b1de630d040d81aadb8f2f:37b4b8a17a98b4bdf60133e5:1c7d156219561cea7afbb509,83b1de630d040d81aadb8f2f,37b4b8a17a98b4bdf60133e5,1c7d156219561cea7afbb509,https://buggy.yodycdn.com/images/product/a7cce6459dec30923094643b198a46a7.webp,color_variant_image,Áo polo nam pique sồi,43664554fe2d2ee1bd5ee884,Áo polo,a6c66b8d301ac0218dbc24e0,YODY,male,Xanh tím,99000,99000,true,240
e1416f27eac0557c580933b5:product_image,e1416f27eac0557c580933b5,,,https://buggy.yodycdn.com/images/product/db507026abff2f05c6fa18afd608c9f8.webp,product_image,Áo Hai Dây Nữ Cổ Tròn Len Mềm Mại,4f127f56012e9b1e215f38fb,Áo hai dây,a6c66b8d301ac0218dbc24e0,YODY,female,,49000,49000,true,480
e1416f27eac0557c580933b5:3012ad7f8af249270dc6bf79:ec755e72177512e8b6e2513b,e1416f27eac0557c580933b5,3012ad7f8af249270dc6bf79,ec755e72177512e8b6e2513b,https://buggy.yodycdn.com/images/product/db507026abff2f05c6fa18afd608c9f8.webp,color_variant_image,Áo Hai Dây Nữ Cổ Tròn Len Mềm Mại,4f127f56012e9b1e215f38fb,Áo hai dây,a6c66b8d301ac0218dbc24e0,YODY,female,Xanh,49000,49000,true,120
e1416f27eac0557c580933b5:3012ad7f8af249270dc6bf79:ee417854cc2e8680df2b015e,e1416f27eac0557c580933b5,3012ad7f8af249270dc6bf79,ee417854cc2e8680df2b015e,https://buggy.yodycdn.com/images/product/85d05fccd991f782244cba2899082542.webp,color_variant_image,Áo Hai Dây Nữ Cổ Tròn Len Mềm Mại,4f127f56012e9b1e215f38fb,Áo hai dây,a6c66b8d301ac0218dbc24e0,YODY,female,Trắng,49000,49000,true,120
e1416f27eac0557c580933b5:3012ad7f8af249270dc6bf79:69a9ee3d38c23857d6cc1e36,e1416f27eac0557c580933b5,3012ad7f8af249270dc6bf79,69a9ee3d38c23857d6cc1e36,https://buggy.yodycdn.com/images/product/b12ada1daa5afe0a204fcf93e504fe0f.webp,color_variant_image,Áo Hai Dây Nữ Cổ Tròn Len Mềm Mại,4f127f56012e9b1e215f38fb,Áo hai dây,a6c66b8d301ac0218dbc24e0,YODY,female,Đen,49000,49000,true,120
e1416f27eac0557c580933b5:3012ad7f8af249270dc6bf79:a1831fde707e91c0ecae91aa,e1416f27eac0557c580933b5,3012ad7f8af249270dc6bf79,a1831fde707e91c0ecae91aa,https://buggy.yodycdn.com/images/product/aeb02cae4af558303f0e60afe3b79a0e.webp,color_variant_image,Áo Hai Dây Nữ Cổ Tròn Len Mềm Mại,4f127f56012e9b1e215f38fb,Áo hai dây,a6c66b8d301ac0218dbc24e0,YODY,female,Nâu,49000,49000,true,120
b33b4457d177bfc9f2617daf:product_image,b33b4457d177bfc9f2617daf,,,https://buggy.yodycdn.com/images/product/990bb820045dba7443a441ded265b52d.webp,product_image,Áo Polo Nữ Modal Phối Kẻ,69b494f8475f3a2bdd735e6a,Áo polo,a6c66b8d301ac0218dbc24e0,YODY,female,,99000,99000,true,480
b33b4457d177bfc9f2617daf:8666a67dc963e4e8fdfd5e9e:51ba6719d68fc7f84683938f,b33b4457d177bfc9f2617daf,8666a67dc963e4e8fdfd5e9e,51ba6719d68fc7f84683938f,https://buggy.yodycdn.com/images/product/990bb820045dba7443a441ded265b52d.webp,color_variant_image,Áo Polo Nữ Modal Phối Kẻ,69b494f8475f3a2bdd735e6a,Áo polo,a6c66b8d301ac0218dbc24e0,YODY,female,Navy,99000,99000,true,160
b33b4457d177bfc9f2617daf:8666a67dc963e4e8fdfd5e9e:05c7c7062518817c7fb4a84a,b33b4457d177bfc9f2617daf,8666a67dc963e4e8fdfd5e9e,05c7c7062518817c7fb4a84a,https://buggy.yodycdn.com/images/product/d66dc3646fcd053169f728c4fd9139b5.webp,color_variant_image,Áo Polo Nữ Modal Phối Kẻ,69b494f8475f3a2bdd735e6a,Áo polo,a6c66b8d301ac0218dbc24e0,YODY,female,Nâu,99000,99000,true,160
b33b4457d177bfc9f2617daf:8666a67dc963e4e8fdfd5e9e:8a8777afa30f23dee5850e73,b33b4457d177bfc9f2617daf,8666a67dc963e4e8fdfd5e9e,8a8777afa30f23dee5850e73,https://buggy.yodycdn.com/images/product/8420c17c9c808bf6e11e4c55ec3001fd.webp,color_variant_image,Áo Polo Nữ Modal Phối Kẻ,69b494f8475f3a2bdd735e6a,Áo polo,a6c66b8d301ac0218dbc24e0,YODY,female,Xanh Lá,99000,99000,true,160
e9f86f8c63e8bc17b63394e8:product_image,e9f86f8c63e8bc17b63394e8,,,https://buggy.yodycdn.com/images/product/5f859c44010de0a1376a0f9a549c0e7f.webp,product_image,Áo len nam bộ gia đình cổ tròn,f108dfbbbfd1ca0f13e69624,Áo len,a6c66b8d301ac0218dbc24e0,YODY,male,,369000,369000,true,640
e9f86f8c63e8bc17b63394e8:4e7e0fb705b80778c83dbd7b:cc144bac7692f60d9b50c32a,e9f86f8c63e8bc17b63394e8,4e7e0fb705b80778c83dbd7b,cc144bac7692f60d9b50c32a,https://buggy.yodycdn.com/images/product/5f859c44010de0a1376a0f9a549c0e7f.webp,color_variant_image,Áo len nam bộ gia đình cổ tròn,f108dfbbbfd1ca0f13e69624,Áo len,a6c66b8d301ac0218dbc24e0,YODY,male,Đen,369000,369000,true,160
e9f86f8c63e8bc17b63394e8:4e7e0fb705b80778c83dbd7b:a9d7f32ec4b8c0c94867eaf3,e9f86f8c63e8bc17b63394e8,4e7e0fb705b80778c83dbd7b,a9d7f32ec4b8c0c94867eaf3,https://buggy.yodycdn.com/images/product/f1fcd879839d1c8f7ca139eb6aa4479a.webp,color_variant_image,Áo len nam bộ gia đình cổ tròn,f108dfbbbfd1ca0f13e69624,Áo len,a6c66b8d301ac0218dbc24e0,YODY,male,Tàn,369000,369000,true,160
e9f86f8c63e8bc17b63394e8:4e7e0fb705b80778c83dbd7b:01e1f2db24c99ca4627ef6a4,e9f86f8c63e8bc17b63394e8,4e7e0fb705b80778c83dbd7b,01e1f2db24c99ca4627ef6a4,https://buggy.yodycdn.com/images/product/ef4220d6aeab620ec97b99e9bc21b9b9.webp,color_variant_image,Áo len nam bộ gia đình cổ tròn,f108dfbbbfd1ca0f13e69624,Áo len,a6c66b8d301ac0218dbc24e0,YODY,male,Nâu,369000,369000,true,160
e9f86f8c63e8bc17b63394e8:4e7e0fb705b80778c83dbd7b:a82679cef5378f125490f146,e9f86f8c63e8bc17b63394e8,4e7e0fb705b80778c83dbd7b,a82679cef5378f125490f146,https://buggy.yodycdn.com/images/product/e03de45ef14d43955ac5f8b30aa248ff.webp,color_variant_image,Áo len nam bộ gia đình cổ tròn,f108dfbbbfd1ca0f13e69624,Áo len,a6c66b8d301ac0218dbc24e0,YODY,male,Navy,369000,369000,true,160
ecc96b7d12b9ee473fea88f5:product_image,ecc96b7d12b9ee473fea88f5,,,https://buggy.yodycdn.com/images/product/fbf89b0842954dc1ff106286776d0544.webp,product_image,Giày Thể Thao Nam Phối Màu Năng Động,d474e86f5750a85895a4a64d,Giày thể thao,a6c66b8d301ac0218dbc24e0,YODY,male,,49000,39200,true,479
ecc96b7d12b9ee473fea88f5:8fe1c8210cc6ce20f4d0b944:753ba60d2f95479e5d883803,ecc96b7d12b9ee473fea88f5,8fe1c8210cc6ce20f4d0b944,753ba60d2f95479e5d883803,https://buggy.yodycdn.com/images/product/fbf89b0842954dc1ff106286776d0544.webp,color_variant_image,Giày Thể Thao Nam Phối Màu Năng Động,d474e86f5750a85895a4a64d,Giày thể thao,a6c66b8d301ac0218dbc24e0,YODY,male,Đen,49000,39200,true,239
ecc96b7d12b9ee473fea88f5:8fe1c8210cc6ce20f4d0b944:862014aa2913d3d0920c6b81,ecc96b7d12b9ee473fea88f5,8fe1c8210cc6ce20f4d0b944,862014aa2913d3d0920c6b81,https://buggy.yodycdn.com/images/product/8e1d6a0c81fce693d2280276f6e8f345.webp,color_variant_image,Giày Thể Thao Nam Phối Màu Năng Động,d474e86f5750a85895a4a64d,Giày thể thao,a6c66b8d301ac0218dbc24e0,YODY,male,Trắng.,49000,39200,true,240
1484171a0ca7ff7ff92f8916:product_image,1484171a0ca7ff7ff92f8916,,,https://buggy.yodycdn.com/images/product/61e84c2323f87d66d4d22d05828bea83.webp,product_image,Áo Phông Nữ Dáng Suông In Lưng Cá Tính,168770046e53a34e044f8eb0,Áo thun,a6c66b8d301ac0218dbc24e0,YODY,female,,249000,199200,true,960
1484171a0ca7ff7ff92f8916:c4d02ec19785855f557aa01c:b0adbb862b3055f04c09ddbc,1484171a0ca7ff7ff92f8916,c4d02ec19785855f557aa01c,b0adbb862b3055f04c09ddbc,https://buggy.yodycdn.com/images/product/61e84c2323f87d66d4d22d05828bea83.webp,color_variant_image,Áo Phông Nữ Dáng Suông In Lưng Cá Tính,168770046e53a34e044f8eb0,Áo thun,a6c66b8d301ac0218dbc24e0,YODY,female,Trắng in hồng,249000,199200,true,160
1484171a0ca7ff7ff92f8916:c4d02ec19785855f557aa01c:64df63972139f0fb53377191,1484171a0ca7ff7ff92f8916,c4d02ec19785855f557aa01c,64df63972139f0fb53377191,https://buggy.yodycdn.com/images/product/077d995f9181cdba4cd08edfaa8579db.webp,color_variant_image,Áo Phông Nữ Dáng Suông In Lưng Cá Tính,168770046e53a34e044f8eb0,Áo thun,a6c66b8d301ac0218dbc24e0,YODY,female,Trắng in xanh,249000,199200,true,160
1484171a0ca7ff7ff92f8916:c4d02ec19785855f557aa01c:564bd5b965e6d349b1378d6b,1484171a0ca7ff7ff92f8916,c4d02ec19785855f557aa01c,564bd5b965e6d349b1378d6b,https://buggy.yodycdn.com/images/product/9150bf9d1ff231cd336c499ec32beff5.webp,color_variant_image,Áo Phông Nữ Dáng Suông In Lưng Cá Tính,168770046e53a34e044f8eb0,Áo thun,a6c66b8d301ac0218dbc24e0,YODY,female,Trắng in cam,249000,199200,true,160
1484171a0ca7ff7ff92f8916:c4d02ec19785855f557aa01c:ba2c31ec7ef05cf52aafc33d,1484171a0ca7ff7ff92f8916,c4d02ec19785855f557aa01c,ba2c31ec7ef05cf52aafc33d,https://buggy.yodycdn.com/images/product/0325a9604b823a34a8fd34768841bad4.webp,color_variant_image,Áo Phông Nữ Dáng Suông In Lưng Cá Tính,168770046e53a34e044f8eb0,Áo thun,a6c66b8d301ac0218dbc24e0,YODY,female,Đen in hồng,249000,199200,true,160
1484171a0ca7ff7ff92f8916:c4d02ec19785855f557aa01c:684443a6cb2bc859ae95d13f,1484171a0ca7ff7ff92f8916,c4d02ec19785855f557aa01c,684443a6cb2bc859ae95d13f,https://buggy.yodycdn.com/images/product/4f0f96fffa66152fa53213654ff20be5.webp,color_variant_image,Áo Phông Nữ Dáng Suông In Lưng Cá Tính,168770046e53a34e044f8eb0,Áo thun,a6c66b8d301ac0218dbc24e0,YODY,female,Đen in xanh,249000,199200,true,160
1484171a0ca7ff7ff92f8916:c4d02ec19785855f557aa01c:d2f6fdc638ae61ae24e11cf6,1484171a0ca7ff7ff92f8916,c4d02ec19785855f557aa01c,d2f6fdc638ae61ae24e11cf6,https://buggy.yodycdn.com/images/product/ade00aa35c1d36b2894e0e18c56a7854.webp,color_variant_image,Áo Phông Nữ Dáng Suông In Lưng Cá Tính,168770046e53a34e044f8eb0,Áo thun,a6c66b8d301ac0218dbc24e0,YODY,female,Đen in cam,249000,199200,true,160
f45af7b754ca9215eab57f8b:product_image,f45af7b754ca9215eab57f8b,,,https://buggy.yodycdn.com/images/product/07240832d70022e454db057279da14a7.webp,product_image,Đồ Bộ Đùi Nữ Form Rộng Cổ V,353a6b754a244e9636d29f4e,Đồ bộ,a6c66b8d301ac0218dbc24e0,YODY,female,,99000,79200,true,320
f45af7b754ca9215eab57f8b:f4b6ff98187261071cee62ea:711c87a86e87d287a23668ed,f45af7b754ca9215eab57f8b,f4b6ff98187261071cee62ea,711c87a86e87d287a23668ed,https://buggy.yodycdn.com/images/product/07240832d70022e454db057279da14a7.webp,color_variant_image,Đồ Bộ Đùi Nữ Form Rộng Cổ V,353a6b754a244e9636d29f4e,Đồ bộ,a6c66b8d301ac0218dbc24e0,YODY,female,Đen,99000,79200,true,80
f45af7b754ca9215eab57f8b:f4b6ff98187261071cee62ea:78997e9a8db56ad833c758af,f45af7b754ca9215eab57f8b,f4b6ff98187261071cee62ea,78997e9a8db56ad833c758af,https://buggy.yodycdn.com/images/product/6e7e5314e717784df51f4c2961a150bf.webp,color_variant_image,Đồ Bộ Đùi Nữ Form Rộng Cổ V,353a6b754a244e9636d29f4e,Đồ bộ,a6c66b8d301ac0218dbc24e0,YODY,female,Gạch,99000,79200,true,80
f45af7b754ca9215eab57f8b:f4b6ff98187261071cee62ea:e219ca28d75d35961693872d,f45af7b754ca9215eab57f8b,f4b6ff98187261071cee62ea,e219ca28d75d35961693872d,https://buggy.yodycdn.com/images/product/c62e0b3ff4029897e73ea99a43daa1d4.webp,color_variant_image,Đồ Bộ Đùi Nữ Form Rộng Cổ V,353a6b754a244e9636d29f4e,Đồ bộ,a6c66b8d301ac0218dbc24e0,YODY,female,Xanh,99000,79200,true,80
f45af7b754ca9215eab57f8b:f4b6ff98187261071cee62ea:e9ef34b380f3e568df92f58b,f45af7b754ca9215eab57f8b,f4b6ff98187261071cee62ea,e9ef34b380f3e568df92f58b,https://buggy.yodycdn.com/images/product/07240832d70022e454db057279da14a7.webp,color_variant_image,Đồ Bộ Đùi Nữ Form Rộng Cổ V,353a6b754a244e9636d29f4e,Đồ bộ,a6c66b8d301ac0218dbc24e0,YODY,female,Hồng,99000,79200,true,80
4161b1e8dea1c1a0b51e8701:product_image,4161b1e8dea1c1a0b51e8701,,,https://buggy.yodycdn.com/images/product/4e15964799df107697e17a07c2467533.webp,product_image,Giày Nam Penny Loafer Da  Bò Trẻ Trung,586c61789a581be481dac069,Giày lười,a6c66b8d301ac0218dbc24e0,YODY,male,,49000,49000,true,320
4161b1e8dea1c1a0b51e8701:dbbf3a3398a0922b6aa81a30:9419a6f5de8948949d2a9fad,4161b1e8dea1c1a0b51e8701,dbbf3a3398a0922b6aa81a30,9419a6f5de8948949d2a9fad,https://buggy.yodycdn.com/images/product/4e15964799df107697e17a07c2467533.webp,color_variant_image,Giày Nam Penny Loafer Da  Bò Trẻ Trung,586c61789a581be481dac069,Giày lười,a6c66b8d301ac0218dbc24e0,YODY,male,Đen,49000,49000,true,160
4161b1e8dea1c1a0b51e8701:dbbf3a3398a0922b6aa81a30:2f3af5d150c5d97c29200935,4161b1e8dea1c1a0b51e8701,dbbf3a3398a0922b6aa81a30,2f3af5d150c5d97c29200935,https://buggy.yodycdn.com/images/product/5f1c6cc4b241894ebd0ee5569b42951c.webp,color_variant_image,Giày Nam Penny Loafer Da  Bò Trẻ Trung,586c61789a581be481dac069,Giày lười,a6c66b8d301ac0218dbc24e0,YODY,male,Nâu,49000,49000,true,160
5e78226ed0a83b275a6f2758:product_image,5e78226ed0a83b275a6f2758,,,https://buggy.yodycdn.com/images/product/1742d81c7f96080885958c3ad1e862a2.webp,product_image,Áo Polo nam basic gia đình,43664554fe2d2ee1bd5ee884,Áo polo,a6c66b8d301ac0218dbc24e0,YODY,male,,349000,349000,true,479
5e78226ed0a83b275a6f2758:c307dbdbd21131efa3f72be9:3ab8ef7d7a95217dfd2e6ebe,5e78226ed0a83b275a6f2758,c307dbdbd21131efa3f72be9,3ab8ef7d7a95217dfd2e6ebe,https://buggy.yodycdn.com/images/product/1742d81c7f96080885958c3ad1e862a2.webp,color_variant_image,Áo Polo nam basic gia đình,43664554fe2d2ee1bd5ee884,Áo polo,a6c66b8d301ac0218dbc24e0,YODY,male,Trắng,349000,349000,true,239
5e78226ed0a83b275a6f2758:c307dbdbd21131efa3f72be9:1141dfce8b7c98904f1d612e,5e78226ed0a83b275a6f2758,c307dbdbd21131efa3f72be9,1141dfce8b7c98904f1d612e,https://buggy.yodycdn.com/images/product/1742d81c7f96080885958c3ad1e862a2.webp,color_variant_image,Áo Polo nam basic gia đình,43664554fe2d2ee1bd5ee884,Áo polo,a6c66b8d301ac0218dbc24e0,YODY,male,Xanh Biển,349000,349000,true,240
76408a59f1605a5a4c5f9dd6:product_image,76408a59f1605a5a4c5f9dd6,,,https://buggy.yodycdn.com/images/product/0e93813c5d0f4adfaac661ad970c3752.webp,product_image,Quần Jeans Nam Slim Fit Thêu Túi,dec148ef376307c4b74ef56d,Quần jeans,a6c66b8d301ac0218dbc24e0,YODY,male,,49000,49000,true,480
76408a59f1605a5a4c5f9dd6:413ecb5bd70ac0b29ec60982:69907e00c792d27052641d14,76408a59f1605a5a4c5f9dd6,413ecb5bd70ac0b29ec60982,69907e00c792d27052641d14,https://buggy.yodycdn.com/images/product/0e93813c5d0f4adfaac661ad970c3752.webp,color_variant_image,Quần Jeans Nam Slim Fit Thêu Túi,dec148ef376307c4b74ef56d,Quần jeans,a6c66b8d301ac0218dbc24e0,YODY,male,Xám,49000,49000,true,200
76408a59f1605a5a4c5f9dd6:413ecb5bd70ac0b29ec60982:02b2a86bcdb772fcdc8667ab,76408a59f1605a5a4c5f9dd6,413ecb5bd70ac0b29ec60982,02b2a86bcdb772fcdc8667ab,https://buggy.yodycdn.com/images/product/2bf00e273705f681ca1af284aeabe095.webp,color_variant_image,Quần Jeans Nam Slim Fit Thêu Túi,dec148ef376307c4b74ef56d,Quần jeans,a6c66b8d301ac0218dbc24e0,YODY,male,Xám nhạt,49000,49000,true,280
fa7fddf7ddb3a02795243825:product_image,fa7fddf7ddb3a02795243825,,,https://buggy.yodycdn.com/images/product/13bc40233eff5fda4f4ad1a2afc169d1.webp,product_image,Giày Slipon Nam Da Nappa Cao Cấp Đế Mềm,586c61789a581be481dac069,Giày lười,a6c66b8d301ac0218dbc24e0,YODY,male,,199000,199000,true,280
fa7fddf7ddb3a02795243825:4726e5e048396207b61ec6b5:ce4677c9e2e185949defe541,fa7fddf7ddb3a02795243825,4726e5e048396207b61ec6b5,ce4677c9e2e185949defe541,https://buggy.yodycdn.com/images/product/13bc40233eff5fda4f4ad1a2afc169d1.webp,color_variant_image,Giày Slipon Nam Da Nappa Cao Cấp Đế Mềm,586c61789a581be481dac069,Giày lười,a6c66b8d301ac0218dbc24e0,YODY,male,Đen,199000,199000,true,280
4030355657bc5e6c06d07e80:product_image,4030355657bc5e6c06d07e80,,,https://buggy.yodycdn.com/images/product/bab0319da84ad87d9335ebef84b75f76.webp,product_image,Áo Polo Nữ Mắt Chim Kẻ Ngang Ngực,69b494f8475f3a2bdd735e6a,Áo polo,a6c66b8d301ac0218dbc24e0,YODY,female,,49000,49000,true,316
4030355657bc5e6c06d07e80:062c4ba78570e230e9ba3ff4:666386208c2fb31259d264ac,4030355657bc5e6c06d07e80,062c4ba78570e230e9ba3ff4,666386208c2fb31259d264ac,https://buggy.yodycdn.com/images/product/bab0319da84ad87d9335ebef84b75f76.webp,color_variant_image,Áo Polo Nữ Mắt Chim Kẻ Ngang Ngực,69b494f8475f3a2bdd735e6a,Áo polo,a6c66b8d301ac0218dbc24e0,YODY,female,Trắng,49000,49000,true,156
4030355657bc5e6c06d07e80:062c4ba78570e230e9ba3ff4:c0dabbbd88cb6d8b0d583fbb,4030355657bc5e6c06d07e80,062c4ba78570e230e9ba3ff4,c0dabbbd88cb6d8b0d583fbb,https://buggy.yodycdn.com/images/product/1679f5aa2de4018e0ab65eb67dc2ee5d.webp,color_variant_image,Áo Polo Nữ Mắt Chim Kẻ Ngang Ngực,69b494f8475f3a2bdd735e6a,Áo polo,a6c66b8d301ac0218dbc24e0,YODY,female,HỒNG 1,49000,49000,true,160
7c0f8a10a147d1c0ba9ac745:product_image,7c0f8a10a147d1c0ba9ac745,,,https://buggy.yodycdn.com/images/product/b1a161bca0d3e9fff354bd84c4f34582.webp,product_image,Áo Polo Nữ Pique Mắt Chim Chấm Bi Cổ Sen,69b494f8475f3a2bdd735e6a,Áo polo,a6c66b8d301ac0218dbc24e0,YODY,female,,99000,99000,true,320
7c0f8a10a147d1c0ba9ac745:5d52f77cbf83788bc3ecdc95:e2b189ee3089dc2be168f512,7c0f8a10a147d1c0ba9ac745,5d52f77cbf83788bc3ecdc95,e2b189ee3089dc2be168f512,https://buggy.yodycdn.com/images/product/b1a161bca0d3e9fff354bd84c4f34582.webp,color_variant_image,Áo Polo Nữ Pique Mắt Chim Chấm Bi Cổ Sen,69b494f8475f3a2bdd735e6a,Áo polo,a6c66b8d301ac0218dbc24e0,YODY,female,Trắng,99000,99000,true,80
7c0f8a10a147d1c0ba9ac745:5d52f77cbf83788bc3ecdc95:682a0ab977834546e2d58c40,7c0f8a10a147d1c0ba9ac745,5d52f77cbf83788bc3ecdc95,682a0ab977834546e2d58c40,https://buggy.yodycdn.com/images/product/2aee5b0716a9a2599881d813e7cb10da.webp,color_variant_image,Áo Polo Nữ Pique Mắt Chim Chấm Bi Cổ Sen,69b494f8475f3a2bdd735e6a,Áo polo,a6c66b8d301ac0218dbc24e0,YODY,female,Kem,99000,99000,true,80
7c0f8a10a147d1c0ba9ac745:5d52f77cbf83788bc3ecdc95:e21ceb7231d29476209a60de,7c0f8a10a147d1c0ba9ac745,5d52f77cbf83788bc3ecdc95,e21ceb7231d29476209a60de,https://buggy.yodycdn.com/images/product/5c09c765d99d2465c3f3223b22df393f.webp,color_variant_image,Áo Polo Nữ Pique Mắt Chim Chấm Bi Cổ Sen,69b494f8475f3a2bdd735e6a,Áo polo,a6c66b8d301ac0218dbc24e0,YODY,female,Hồng,99000,99000,true,80
7c0f8a10a147d1c0ba9ac745:5d52f77cbf83788bc3ecdc95:7735c860ad746a43542c0dfa,7c0f8a10a147d1c0ba9ac745,5d52f77cbf83788bc3ecdc95,7735c860ad746a43542c0dfa,https://buggy.yodycdn.com/images/product/440f8ba323b5ce271876be0073d923f4.webp,color_variant_image,Áo Polo Nữ Pique Mắt Chim Chấm Bi Cổ Sen,69b494f8475f3a2bdd735e6a,Áo polo,a6c66b8d301ac0218dbc24e0,YODY,female,Xanh ngọc,99000,99000,true,80
e1fe9750c86b5e745797c67c:product_image,e1fe9750c86b5e745797c67c,,,https://buggy.yodycdn.com/images/product/b1a80c98610c21e1d53b5a39eb5618e7.webp,product_image,Giày Lười Nam Moccasin Da Mill Đai Khóa,586c61789a581be481dac069,Giày lười,a6c66b8d301ac0218dbc24e0,YODY,male,,99000,99000,true,560
e1fe9750c86b5e745797c67c:83c18229665b439b23351b07:df060c5d9a3cfd3b076fe349,e1fe9750c86b5e745797c67c,83c18229665b439b23351b07,df060c5d9a3cfd3b076fe349,https://buggy.yodycdn.com/images/product/b1a80c98610c21e1d53b5a39eb5618e7.webp,color_variant_image,Giày Lười Nam Moccasin Da Mill Đai Khóa,586c61789a581be481dac069,Giày lười,a6c66b8d301ac0218dbc24e0,YODY,male,Nâu,99000,99000,true,280
e1fe9750c86b5e745797c67c:83c18229665b439b23351b07:e8bc3e05c043a1a06ecafa4e,e1fe9750c86b5e745797c67c,83c18229665b439b23351b07,e8bc3e05c043a1a06ecafa4e,https://buggy.yodycdn.com/images/product/9beb136fbd42245b7e648b6af3e44b9e.webp,color_variant_image,Giày Lười Nam Moccasin Da Mill Đai Khóa,586c61789a581be481dac069,Giày lười,a6c66b8d301ac0218dbc24e0,YODY,male,Đen,99000,99000,true,280
30c0c8dfa0be994a66075d74:product_image,30c0c8dfa0be994a66075d74,,,https://buggy.yodycdn.com/images/product/32427f02455fde426a54fe49e7d43875.webp,product_image,Áo Sơ Mi Nữ Tay Ngắn Dáng Suông Dài,aa4a4d81f683b69913c3917a,Áo sơ mi,a6c66b8d301ac0218dbc24e0,YODY,female,,49000,49000,true,360
30c0c8dfa0be994a66075d74:37ec860f590d046f6831893e:affe96b83e70c65663902a9f,30c0c8dfa0be994a66075d74,37ec860f590d046f6831893e,affe96b83e70c65663902a9f,https://buggy.yodycdn.com/images/product/32427f02455fde426a54fe49e7d43875.webp,color_variant_image,Áo Sơ Mi Nữ Tay Ngắn Dáng Suông Dài,aa4a4d81f683b69913c3917a,Áo sơ mi,a6c66b8d301ac0218dbc24e0,YODY,female,Trắng,49000,49000,true,120
30c0c8dfa0be994a66075d74:37ec860f590d046f6831893e:0fbded39b75d8fada09b8a14,30c0c8dfa0be994a66075d74,37ec860f590d046f6831893e,0fbded39b75d8fada09b8a14,https://buggy.yodycdn.com/images/product/32427f02455fde426a54fe49e7d43875.webp,color_variant_image,Áo Sơ Mi Nữ Tay Ngắn Dáng Suông Dài,aa4a4d81f683b69913c3917a,Áo sơ mi,a6c66b8d301ac0218dbc24e0,YODY,female,Đen,49000,49000,true,120
30c0c8dfa0be994a66075d74:37ec860f590d046f6831893e:9aadf39711946465f80d0013,30c0c8dfa0be994a66075d74,37ec860f590d046f6831893e,9aadf39711946465f80d0013,https://buggy.yodycdn.com/images/product/424437b703b127345e3b17b13e442fd6.webp,color_variant_image,Áo Sơ Mi Nữ Tay Ngắn Dáng Suông Dài,aa4a4d81f683b69913c3917a,Áo sơ mi,a6c66b8d301ac0218dbc24e0,YODY,female,Xanh đen,49000,49000,true,120
c1e1bec70a763a23626f8ef4:product_image,c1e1bec70a763a23626f8ef4,,,https://buggy.yodycdn.com/images/product/17b6ab5ca1299ebefb262d8e7a99ab55.webp,product_image,Bộ Đồ Nam Sportman,84d9b69c98e6cf7b9ac4cff9,Bộ thể thao,a6c66b8d301ac0218dbc24e0,YODY,male,,49000,49000,true,479
c1e1bec70a763a23626f8ef4:2f6f95aef7560d82f8ab581f:0db1c277a2633dd411bc6bdb,c1e1bec70a763a23626f8ef4,2f6f95aef7560d82f8ab581f,0db1c277a2633dd411bc6bdb,https://buggy.yodycdn.com/images/product/17b6ab5ca1299ebefb262d8e7a99ab55.webp,color_variant_image,Bộ Đồ Nam Sportman,84d9b69c98e6cf7b9ac4cff9,Bộ thể thao,a6c66b8d301ac0218dbc24e0,YODY,male,Trắng đen,49000,49000,true,160
c1e1bec70a763a23626f8ef4:2f6f95aef7560d82f8ab581f:9bc43bd22dfa4d9e05cbd2b9,c1e1bec70a763a23626f8ef4,2f6f95aef7560d82f8ab581f,9bc43bd22dfa4d9e05cbd2b9,https://buggy.yodycdn.com/images/product/26f0a737f2077c24d4f5834d5157237d.webp,color_variant_image,Bộ Đồ Nam Sportman,84d9b69c98e6cf7b9ac4cff9,Bộ thể thao,a6c66b8d301ac0218dbc24e0,YODY,male,Đen ghi,49000,49000,true,160
c1e1bec70a763a23626f8ef4:2f6f95aef7560d82f8ab581f:5b256d0e91f576ab86e708b5,c1e1bec70a763a23626f8ef4,2f6f95aef7560d82f8ab581f,5b256d0e91f576ab86e708b5,https://buggy.yodycdn.com/images/product/9cad9fcd0de5ccc0bf2a35ba024a9142.webp,color_variant_image,Bộ Đồ Nam Sportman,84d9b69c98e6cf7b9ac4cff9,Bộ thể thao,a6c66b8d301ac0218dbc24e0,YODY,male,Trắng tím than,49000,49000,true,159
7c3b641fffb394c64751a827:product_image,7c3b641fffb394c64751a827,,,https://buggy.yodycdn.com/images/product/3a371cd6fa764250aca2a3824699227d.webp,product_image,Giày Lười Nam Đai Ngang Da Nappa,586c61789a581be481dac069,Giày lười,a6c66b8d301ac0218dbc24e0,YODY,male,,49000,44100,true,400
7c3b641fffb394c64751a827:a23479c36de925f2eac2c669:7879cd848c9178cd2528bb9b,7c3b641fffb394c64751a827,a23479c36de925f2eac2c669,7879cd848c9178cd2528bb9b,https://buggy.yodycdn.com/images/product/3a371cd6fa764250aca2a3824699227d.webp,color_variant_image,Giày Lười Nam Đai Ngang Da Nappa,586c61789a581be481dac069,Giày lười,a6c66b8d301ac0218dbc24e0,YODY,male,Xanh,49000,44100,true,200
7c3b641fffb394c64751a827:a23479c36de925f2eac2c669:9099af7a7b5b22d4f9466aa3,7c3b641fffb394c64751a827,a23479c36de925f2eac2c669,9099af7a7b5b22d4f9466aa3,https://buggy.yodycdn.com/images/product/3a371cd6fa764250aca2a3824699227d.webp,color_variant_image,Giày Lười Nam Đai Ngang Da Nappa,586c61789a581be481dac069,Giày lười,a6c66b8d301ac0218dbc24e0,YODY,male,Đen,49000,44100,true,200
002b74340f878eb87e4ae306:product_image,002b74340f878eb87e4ae306,,,https://buggy.yodycdn.com/images/product/03f946692f81425e48103d16a7297928.webp,product_image,Áo Polo Nam Pique Gia Đình,43664554fe2d2ee1bd5ee884,Áo polo,a6c66b8d301ac0218dbc24e0,YODY,male,,349000,314100,true,835
002b74340f878eb87e4ae306:ea0217030bdbb6a91db1d768:966b83d0b13bd7b06ddd56db,002b74340f878eb87e4ae306,ea0217030bdbb6a91db1d768,966b83d0b13bd7b06ddd56db,https://buggy.yodycdn.com/images/product/03f946692f81425e48103d16a7297928.webp,color_variant_image,Áo Polo Nam Pique Gia Đình,43664554fe2d2ee1bd5ee884,Áo polo,a6c66b8d301ac0218dbc24e0,YODY,male,Trắng,349000,314100,true,115
002b74340f878eb87e4ae306:ea0217030bdbb6a91db1d768:65caf7bb77e60f5ac3a25731,002b74340f878eb87e4ae306,ea0217030bdbb6a91db1d768,65caf7bb77e60f5ac3a25731,https://buggy.yodycdn.com/images/product/03f946692f81425e48103d16a7297928.webp,color_variant_image,Áo Polo Nam Pique Gia Đình,43664554fe2d2ee1bd5ee884,Áo polo,a6c66b8d301ac0218dbc24e0,YODY,male,Xanh Biển,349000,314100,true,240
002b74340f878eb87e4ae306:ea0217030bdbb6a91db1d768:8bb4c676bd76e5d064c67125,002b74340f878eb87e4ae306,ea0217030bdbb6a91db1d768,8bb4c676bd76e5d064c67125,https://buggy.yodycdn.com/images/product/e2a94bfe0f6b9dcc09a93834eef7645a.webp,color_variant_image,Áo Polo Nam Pique Gia Đình,43664554fe2d2ee1bd5ee884,Áo polo,a6c66b8d301ac0218dbc24e0,YODY,male,Xanh cổ vịt,349000,314100,true,240
002b74340f878eb87e4ae306:ea0217030bdbb6a91db1d768:3da9c2a2f68f09130530dbc2,002b74340f878eb87e4ae306,ea0217030bdbb6a91db1d768,3da9c2a2f68f09130530dbc2,https://buggy.yodycdn.com/images/product/03f946692f81425e48103d16a7297928.webp,color_variant_image,Áo Polo Nam Pique Gia Đình,43664554fe2d2ee1bd5ee884,Áo polo,a6c66b8d301ac0218dbc24e0,YODY,male,Đen,349000,314100,true,240
cc2777b8a0ea1455841f3d51:product_image,cc2777b8a0ea1455841f3d51,,,https://buggy.yodycdn.com/images/product/e624ddb54aee027050462389433d42f4.webp,product_image,Áo Phông Nữ Cotton USA In Girl,168770046e53a34e044f8eb0,Áo thun,a6c66b8d301ac0218dbc24e0,YODY,female,,49000,44100,true,160
cc2777b8a0ea1455841f3d51:8ae3c63c8928501007620479:b2f2e844b85617dc45659296,cc2777b8a0ea1455841f3d51,8ae3c63c8928501007620479,b2f2e844b85617dc45659296,https://buggy.yodycdn.com/images/product/e624ddb54aee027050462389433d42f4.webp,color_variant_image,Áo Phông Nữ Cotton USA In Girl,168770046e53a34e044f8eb0,Áo thun,a6c66b8d301ac0218dbc24e0,YODY,female,Trắng,49000,44100,true,160
bb042986a136fd0e5d1f5719:product_image,bb042986a136fd0e5d1f5719,,,https://buggy.yodycdn.com/images/product/0ee6c5908a16f0532f1332c11bc95c3b.webp,product_image,Giày nam derby da bò nappa sang trọng,901c479b26ad38fd52a65b8a,Giày / Dép khác,a6c66b8d301ac0218dbc24e0,YODY,male,,49000,49000,true,400
bb042986a136fd0e5d1f5719:1df6b0dc19153762a44c1c08:eb895a5b880952b3fda9f5a4,bb042986a136fd0e5d1f5719,1df6b0dc19153762a44c1c08,eb895a5b880952b3fda9f5a4,https://buggy.yodycdn.com/images/product/0ee6c5908a16f0532f1332c11bc95c3b.webp,color_variant_image,Giày nam derby da bò nappa sang trọng,901c479b26ad38fd52a65b8a,Giày / Dép khác,a6c66b8d301ac0218dbc24e0,YODY,male,Đen,49000,49000,true,200
bb042986a136fd0e5d1f5719:1df6b0dc19153762a44c1c08:2306bfffc6ce063012f6c1e3,bb042986a136fd0e5d1f5719,1df6b0dc19153762a44c1c08,2306bfffc6ce063012f6c1e3,https://buggy.yodycdn.com/images/product/cf8a53e0f918cfef285b8b44f1958bc6.webp,color_variant_image,Giày nam derby da bò nappa sang trọng,901c479b26ad38fd52a65b8a,Giày / Dép khác,a6c66b8d301ac0218dbc24e0,YODY,male,Nâu,49000,49000,true,200
e38db686365335c332f36264:product_image,e38db686365335c332f36264,,,https://buggy.yodycdn.com/images/product/e348704a43b048f4331410ffd54ba9c1.webp,product_image,Quần Âu Nữ Dáng Suông Thoải Mái,cac1da5776adbdf5a8408fc1,Quần âu,a6c66b8d301ac0218dbc24e0,YODY,female,,49000,49000,true,320
e38db686365335c332f36264:3b47dc2dbc293699162fe27e:9a7c227cc9dc94361eb32588,e38db686365335c332f36264,3b47dc2dbc293699162fe27e,9a7c227cc9dc94361eb32588,https://buggy.yodycdn.com/images/product/e348704a43b048f4331410ffd54ba9c1.webp,color_variant_image,Quần Âu Nữ Dáng Suông Thoải Mái,cac1da5776adbdf5a8408fc1,Quần âu,a6c66b8d301ac0218dbc24e0,YODY,female,Nâu,49000,49000,true,160
e38db686365335c332f36264:3b47dc2dbc293699162fe27e:57af4cde877e8f9df7c35df1,e38db686365335c332f36264,3b47dc2dbc293699162fe27e,57af4cde877e8f9df7c35df1,https://buggy.yodycdn.com/images/product/6c338b4fb561bcfe69ea946d2bf35367.webp,color_variant_image,Quần Âu Nữ Dáng Suông Thoải Mái,cac1da5776adbdf5a8408fc1,Quần âu,a6c66b8d301ac0218dbc24e0,YODY,female,Đen,49000,49000,true,160
cd4cac0fe79ca49560e69cd1:product_image,cd4cac0fe79ca49560e69cd1,,,https://buggy.yodycdn.com/images/product/eb195675359e8e577608a072b1244646.webp,product_image,Quần Âu Nữ Relax Pants Co Giãn 4 Chiều,cac1da5776adbdf5a8408fc1,Quần âu,a6c66b8d301ac0218dbc24e0,YODY,female,,49000,49000,true,800
cd4cac0fe79ca49560e69cd1:cf07f83bd645583dce2e2abb:d875cb8389e046a82c2d2f79,cd4cac0fe79ca49560e69cd1,cf07f83bd645583dce2e2abb,d875cb8389e046a82c2d2f79,https://buggy.yodycdn.com/images/product/eb195675359e8e577608a072b1244646.webp,color_variant_image,Quần Âu Nữ Relax Pants Co Giãn 4 Chiều,cac1da5776adbdf5a8408fc1,Quần âu,a6c66b8d301ac0218dbc24e0,YODY,female,Be,49000,49000,true,160
cd4cac0fe79ca49560e69cd1:cf07f83bd645583dce2e2abb:4c216ef6d08d714e827a2428,cd4cac0fe79ca49560e69cd1,cf07f83bd645583dce2e2abb,4c216ef6d08d714e827a2428,https://buggy.yodycdn.com/images/product/8b74fa182361355c7dc2f5b9c48a04a4.webp,color_variant_image,Quần Âu Nữ Relax Pants Co Giãn 4 Chiều,cac1da5776adbdf5a8408fc1,Quần âu,a6c66b8d301ac0218dbc24e0,YODY,female,Nâu,49000,49000,true,160
cd4cac0fe79ca49560e69cd1:cf07f83bd645583dce2e2abb:3ff96c7638de8a295a479355,cd4cac0fe79ca49560e69cd1,cf07f83bd645583dce2e2abb,3ff96c7638de8a295a479355,https://buggy.yodycdn.com/images/product/de0a6d4713792c58043b8fb7ce72e1d1.webp,color_variant_image,Quần Âu Nữ Relax Pants Co Giãn 4 Chiều,cac1da5776adbdf5a8408fc1,Quần âu,a6c66b8d301ac0218dbc24e0,YODY,female,Ghi Đậm,49000,49000,true,160
cd4cac0fe79ca49560e69cd1:cf07f83bd645583dce2e2abb:6005363a8a522407f1448762,cd4cac0fe79ca49560e69cd1,cf07f83bd645583dce2e2abb,6005363a8a522407f1448762,https://buggy.yodycdn.com/images/product/a8a3bc0cacda15b7f0ed5d8e8ea0669a.webp,color_variant_image,Quần Âu Nữ Relax Pants Co Giãn 4 Chiều,cac1da5776adbdf5a8408fc1,Quần âu,a6c66b8d301ac0218dbc24e0,YODY,female,Tím than,49000,49000,true,160
cd4cac0fe79ca49560e69cd1:cf07f83bd645583dce2e2abb:995d9b6c605d73f6d5ca5b38,cd4cac0fe79ca49560e69cd1,cf07f83bd645583dce2e2abb,995d9b6c605d73f6d5ca5b38,https://buggy.yodycdn.com/images/product/e5a191ea74ae747f7a35cf54c394aa79.webp,color_variant_image,Quần Âu Nữ Relax Pants Co Giãn 4 Chiều,cac1da5776adbdf5a8408fc1,Quần âu,a6c66b8d301ac0218dbc24e0,YODY,female,Đen,49000,49000,true,160
4fd3fcbc958246290134d8d6:product_image,4fd3fcbc958246290134d8d6,,,https://buggy.yodycdn.com/images/product/bcdc928e015ec7730df91be54aed3417.webp,product_image,Giầy nam penny loafer da bò nappa cao cấp,586c61789a581be481dac069,Giày lười,a6c66b8d301ac0218dbc24e0,YODY,male,,49000,49000,true,400
4fd3fcbc958246290134d8d6:1b35696694016c45479c61f0:a7151b607f7dae8ad1c88d54,4fd3fcbc958246290134d8d6,1b35696694016c45479c61f0,a7151b607f7dae8ad1c88d54,https://buggy.yodycdn.com/images/product/bcdc928e015ec7730df91be54aed3417.webp,color_variant_image,Giầy nam penny loafer da bò nappa cao cấp,586c61789a581be481dac069,Giày lười,a6c66b8d301ac0218dbc24e0,YODY,male,Đen,49000,49000,true,200
4fd3fcbc958246290134d8d6:1b35696694016c45479c61f0:29a01b458a7c224b137e389d,4fd3fcbc958246290134d8d6,1b35696694016c45479c61f0,29a01b458a7c224b137e389d,https://buggy.yodycdn.com/images/product/86ca5e5586f24d32819900d4f3e31af3.webp,color_variant_image,Giầy nam penny loafer da bò nappa cao cấp,586c61789a581be481dac069,Giày lười,a6c66b8d301ac0218dbc24e0,YODY,male,Nâu,49000,49000,true,200
625c119dad5281c2d5eb5dc6:product_image,625c119dad5281c2d5eb5dc6,,,https://buggy.yodycdn.com/images/product/4cd8b5184e92a0cda525203986088357.webp,product_image,Quần Kaki Nam Form Slim Cao Cấp,96ecfd55e596c45115748b54,Quần kaki,a6c66b8d301ac0218dbc24e0,YODY,male,,49000,49000,true,1000
625c119dad5281c2d5eb5dc6:18807d3756f73495fc0d7c94:1df2d91a78ecfdfe97e94581,625c119dad5281c2d5eb5dc6,18807d3756f73495fc0d7c94,1df2d91a78ecfdfe97e94581,https://buggy.yodycdn.com/images/product/4cd8b5184e92a0cda525203986088357.webp,color_variant_image,Quần Kaki Nam Form Slim Cao Cấp,96ecfd55e596c45115748b54,Quần kaki,a6c66b8d301ac0218dbc24e0,YODY,male,Đen,49000,49000,true,200
625c119dad5281c2d5eb5dc6:18807d3756f73495fc0d7c94:1ea0deec749e68adf71f9289,625c119dad5281c2d5eb5dc6,18807d3756f73495fc0d7c94,1ea0deec749e68adf71f9289,https://buggy.yodycdn.com/images/product/1fb3d0364367afcb8eb592f1677b9ba3.webp,color_variant_image,Quần Kaki Nam Form Slim Cao Cấp,96ecfd55e596c45115748b54,Quần kaki,a6c66b8d301ac0218dbc24e0,YODY,male,Tím than,49000,49000,true,200
625c119dad5281c2d5eb5dc6:18807d3756f73495fc0d7c94:8ebf81ede274a4443b80c0f8,625c119dad5281c2d5eb5dc6,18807d3756f73495fc0d7c94,8ebf81ede274a4443b80c0f8,https://buggy.yodycdn.com/images/product/9b69756ec6443b42dbe6226b1bce9d7b.webp,color_variant_image,Quần Kaki Nam Form Slim Cao Cấp,96ecfd55e596c45115748b54,Quần kaki,a6c66b8d301ac0218dbc24e0,YODY,male,Xám,49000,49000,true,200
625c119dad5281c2d5eb5dc6:18807d3756f73495fc0d7c94:d01b254175db1b2dd49429b1,625c119dad5281c2d5eb5dc6,18807d3756f73495fc0d7c94,d01b254175db1b2dd49429b1,https://buggy.yodycdn.com/images/product/0ff88a937079f9ce116e9c8c05605af7.webp,color_variant_image,Quần Kaki Nam Form Slim Cao Cấp,96ecfd55e596c45115748b54,Quần kaki,a6c66b8d301ac0218dbc24e0,YODY,male,Nâu sữa,49000,49000,true,200
625c119dad5281c2d5eb5dc6:18807d3756f73495fc0d7c94:30a2f9128263fa188935c632,625c119dad5281c2d5eb5dc6,18807d3756f73495fc0d7c94,30a2f9128263fa188935c632,https://buggy.yodycdn.com/images/product/0bd2c72b8c0d1f7c1c15cff66974ddf8.webp,color_variant_image,Quần Kaki Nam Form Slim Cao Cấp,96ecfd55e596c45115748b54,Quần kaki,a6c66b8d301ac0218dbc24e0,YODY,male,Vàng,49000,49000,true,200
c0dae92879d2cd8592aae2c2:product_image,c0dae92879d2cd8592aae2c2,,,https://buggy.yodycdn.com/images/product/4d5f4c180524d8891118c2217286cb22.webp,product_image,Áo Hai Dây Nữ Lưng Đan Chéo Trẻ Trung,4f127f56012e9b1e215f38fb,Áo hai dây,a6c66b8d301ac0218dbc24e0,YODY,female,,49000,49000,true,480
c0dae92879d2cd8592aae2c2:6c559753cada002e6ee65859:bb17e7cb0b28294beb5feafa,c0dae92879d2cd8592aae2c2,6c559753cada002e6ee65859,bb17e7cb0b28294beb5feafa,https://buggy.yodycdn.com/images/product/4d5f4c180524d8891118c2217286cb22.webp,color_variant_image,Áo Hai Dây Nữ Lưng Đan Chéo Trẻ Trung,4f127f56012e9b1e215f38fb,Áo hai dây,a6c66b8d301ac0218dbc24e0,YODY,female,Xanh coban,49000,49000,true,120
c0dae92879d2cd8592aae2c2:6c559753cada002e6ee65859:1e5c12e679b97ae40552e25d,c0dae92879d2cd8592aae2c2,6c559753cada002e6ee65859,1e5c12e679b97ae40552e25d,https://buggy.yodycdn.com/images/product/9ed0a5207c6243fa2c7a43ccc5c767eb.webp,color_variant_image,Áo Hai Dây Nữ Lưng Đan Chéo Trẻ Trung,4f127f56012e9b1e215f38fb,Áo hai dây,a6c66b8d301ac0218dbc24e0,YODY,female,Be,49000,49000,true,120
c0dae92879d2cd8592aae2c2:6c559753cada002e6ee65859:6538120714000f320c61d514,c0dae92879d2cd8592aae2c2,6c559753cada002e6ee65859,6538120714000f320c61d514,https://buggy.yodycdn.com/images/product/ab9b97713695ba85936c4dc0745165ff.webp,color_variant_image,Áo Hai Dây Nữ Lưng Đan Chéo Trẻ Trung,4f127f56012e9b1e215f38fb,Áo hai dây,a6c66b8d301ac0218dbc24e0,YODY,female,Nâu,49000,49000,true,120
c0dae92879d2cd8592aae2c2:6c559753cada002e6ee65859:d96c7df32cc403773b36fc74,c0dae92879d2cd8592aae2c2,6c559753cada002e6ee65859,d96c7df32cc403773b36fc74,https://buggy.yodycdn.com/images/product/5fa4628e802e492ff2dc5af045935f02.webp,color_variant_image,Áo Hai Dây Nữ Lưng Đan Chéo Trẻ Trung,4f127f56012e9b1e215f38fb,Áo hai dây,a6c66b8d301ac0218dbc24e0,YODY,female,Đen,49000,49000,true,120
131567a730d3000059f1ad40:product_image,131567a730d3000059f1ad40,,,https://buggy.yodycdn.com/images/product/a9ea6cb76fa509273e81f41434892582.webp,product_image,Áo Polo Nữ Cafe Tổ Ong Cổ Phối 3 Màu,69b494f8475f3a2bdd735e6a,Áo polo,a6c66b8d301ac0218dbc24e0,YODY,female,,49000,49000,true,60
131567a730d3000059f1ad40:ab91586bccfe0c06acdda5e7:c6c6c74fcad05d10916862af,131567a730d3000059f1ad40,ab91586bccfe0c06acdda5e7,c6c6c74fcad05d10916862af,https://buggy.yodycdn.com/images/product/a9ea6cb76fa509273e81f41434892582.webp,color_variant_image,Áo Polo Nữ Cafe Tổ Ong Cổ Phối 3 Màu,69b494f8475f3a2bdd735e6a,Áo polo,a6c66b8d301ac0218dbc24e0,YODY,female,Xanh Biển,49000,49000,true,20
131567a730d3000059f1ad40:ab91586bccfe0c06acdda5e7:ad6350d1dbf4c4bf4a05ccb5,131567a730d3000059f1ad40,ab91586bccfe0c06acdda5e7,ad6350d1dbf4c4bf4a05ccb5,https://buggy.yodycdn.com/images/product/a81ee999c52a1fa1c6ffc1402982fefc.webp,color_variant_image,Áo Polo Nữ Cafe Tổ Ong Cổ Phối 3 Màu,69b494f8475f3a2bdd735e6a,Áo polo,a6c66b8d301ac0218dbc24e0,YODY,female,Xanh coban,49000,49000,true,40
6b72b7d33f9b8307c4a958eb:product_image,6b72b7d33f9b8307c4a958eb,,,https://buggy.yodycdn.com/images/product/add65f83b68e862facf118f2a19185a7.webp,product_image,Áo len nữ gia đình dáng ôm xẻ tay,94266f90e20f823fbcb239a7,Áo len,a6c66b8d301ac0218dbc24e0,YODY,female,,49000,49000,true,600
6b72b7d33f9b8307c4a958eb:6d9298d5c3e6cf660478e77c:0899d058614229efbd9c27c5,6b72b7d33f9b8307c4a958eb,6d9298d5c3e6cf660478e77c,0899d058614229efbd9c27c5,https://buggy.yodycdn.com/images/product/add65f83b68e862facf118f2a19185a7.webp,color_variant_image,Áo len nữ gia đình dáng ôm xẻ tay,94266f90e20f823fbcb239a7,Áo len,a6c66b8d301ac0218dbc24e0,YODY,female,Trắng,49000,49000,true,120
6b72b7d33f9b8307c4a958eb:6d9298d5c3e6cf660478e77c:675f1549c9c66c0db8a2ecdd,6b72b7d33f9b8307c4a958eb,6d9298d5c3e6cf660478e77c,675f1549c9c66c0db8a2ecdd,https://buggy.yodycdn.com/images/product/ce690ae926f1291117dde991544ae9ca.webp,color_variant_image,Áo len nữ gia đình dáng ôm xẻ tay,94266f90e20f823fbcb239a7,Áo len,a6c66b8d301ac0218dbc24e0,YODY,female,Nâu,49000,49000,true,120
6b72b7d33f9b8307c4a958eb:6d9298d5c3e6cf660478e77c:cb5fe3be93ae5a92d5ced2fc,6b72b7d33f9b8307c4a958eb,6d9298d5c3e6cf660478e77c,cb5fe3be93ae5a92d5ced2fc,https://buggy.yodycdn.com/images/product/40552ce22d16de373b695232ee0d4d52.webp,color_variant_image,Áo len nữ gia đình dáng ôm xẻ tay,94266f90e20f823fbcb239a7,Áo len,a6c66b8d301ac0218dbc24e0,YODY,female,Tàn,49000,49000,true,120
6b72b7d33f9b8307c4a958eb:6d9298d5c3e6cf660478e77c:bab51ec9cf5c2819154a899c,6b72b7d33f9b8307c4a958eb,6d9298d5c3e6cf660478e77c,bab51ec9cf5c2819154a899c,https://buggy.yodycdn.com/images/product/8d48df64a9bc3a4ce66270fa75ab010e.webp,color_variant_image,Áo len nữ gia đình dáng ôm xẻ tay,94266f90e20f823fbcb239a7,Áo len,a6c66b8d301ac0218dbc24e0,YODY,female,Navy,49000,49000,true,120
6b72b7d33f9b8307c4a958eb:6d9298d5c3e6cf660478e77c:07f30886159d598ae56cf356,6b72b7d33f9b8307c4a958eb,6d9298d5c3e6cf660478e77c,07f30886159d598ae56cf356,https://buggy.yodycdn.com/images/product/1435b73f108eb6999db33c074469ef16.webp,color_variant_image,Áo len nữ gia đình dáng ôm xẻ tay,94266f90e20f823fbcb239a7,Áo len,a6c66b8d301ac0218dbc24e0,YODY,female,Đen,49000,49000,true,120
70e60ecff89e27906a220007:product_image,70e60ecff89e27906a220007,,,https://buggy.yodycdn.com/images/product/817e88cac2ad7e4daa787a33f8d03e71.webp,product_image,Áo Sơ Mi Nữ Tay Dài Form Rộng Thoáng Mát,aa4a4d81f683b69913c3917a,Áo sơ mi,a6c66b8d301ac0218dbc24e0,YODY,female,,49000,41650,true,360
70e60ecff89e27906a220007:004ae15a77b04a5e91fa65e2:bcfa56c9ec228657b46e57e4,70e60ecff89e27906a220007,004ae15a77b04a5e91fa65e2,bcfa56c9ec228657b46e57e4,https://buggy.yodycdn.com/images/product/817e88cac2ad7e4daa787a33f8d03e71.webp,color_variant_image,Áo Sơ Mi Nữ Tay Dài Form Rộng Thoáng Mát,aa4a4d81f683b69913c3917a,Áo sơ mi,a6c66b8d301ac0218dbc24e0,YODY,female,Trắng,49000,41650,true,120
70e60ecff89e27906a220007:004ae15a77b04a5e91fa65e2:a5b9c2c03b3fea9635d6257e,70e60ecff89e27906a220007,004ae15a77b04a5e91fa65e2,a5b9c2c03b3fea9635d6257e,https://buggy.yodycdn.com/images/product/2540cf0d7e461978548c56e03402701f.webp,color_variant_image,Áo Sơ Mi Nữ Tay Dài Form Rộng Thoáng Mát,aa4a4d81f683b69913c3917a,Áo sơ mi,a6c66b8d301ac0218dbc24e0,YODY,female,Xanh,49000,41650,true,120
70e60ecff89e27906a220007:004ae15a77b04a5e91fa65e2:e57bd07fe418618bc5a171ed,70e60ecff89e27906a220007,004ae15a77b04a5e91fa65e2,e57bd07fe418618bc5a171ed,https://buggy.yodycdn.com/images/product/531977ae94726239b384807275a19b39.webp,color_variant_image,Áo Sơ Mi Nữ Tay Dài Form Rộng Thoáng Mát,aa4a4d81f683b69913c3917a,Áo sơ mi,a6c66b8d301ac0218dbc24e0,YODY,female,Đen,49000,41650,true,120
84d44f8e5a90390663e497b3:product_image,84d44f8e5a90390663e497b3,,,https://buggy.yodycdn.com/images/product/1d969606a8d4639169ffaa1ed1d3543a.webp,product_image,Áo Polo Nam Airycool Dáng Ôm Siêu Mát,43664554fe2d2ee1bd5ee884,Áo polo,a6c66b8d301ac0218dbc24e0,YODY,male,,49000,41650,true,960
84d44f8e5a90390663e497b3:a15bca90ef2a62e6bb9e0ecc:ce765754a09cfe75fe5a7204,84d44f8e5a90390663e497b3,a15bca90ef2a62e6bb9e0ecc,ce765754a09cfe75fe5a7204,https://buggy.yodycdn.com/images/product/1d969606a8d4639169ffaa1ed1d3543a.webp,color_variant_image,Áo Polo Nam Airycool Dáng Ôm Siêu Mát,43664554fe2d2ee1bd5ee884,Áo polo,a6c66b8d301ac0218dbc24e0,YODY,male,Trắng,49000,41650,true,240
84d44f8e5a90390663e497b3:a15bca90ef2a62e6bb9e0ecc:a06c3c72d656effed4c073c8,84d44f8e5a90390663e497b3,a15bca90ef2a62e6bb9e0ecc,a06c3c72d656effed4c073c8,https://buggy.yodycdn.com/images/product/5adc7366dfc5d241cda5599584c605b1.webp,color_variant_image,Áo Polo Nam Airycool Dáng Ôm Siêu Mát,43664554fe2d2ee1bd5ee884,Áo polo,a6c66b8d301ac0218dbc24e0,YODY,male,Xanh lơ,49000,41650,true,240
84d44f8e5a90390663e497b3:a15bca90ef2a62e6bb9e0ecc:506d43e8095b766488fe6aaa,84d44f8e5a90390663e497b3,a15bca90ef2a62e6bb9e0ecc,506d43e8095b766488fe6aaa,https://buggy.yodycdn.com/images/product/40d20642cc2b95b83d6c71bf169149f3.webp,color_variant_image,Áo Polo Nam Airycool Dáng Ôm Siêu Mát,43664554fe2d2ee1bd5ee884,Áo polo,a6c66b8d301ac0218dbc24e0,YODY,male,Xanh mint,49000,41650,true,240
84d44f8e5a90390663e497b3:a15bca90ef2a62e6bb9e0ecc:8f7d6a2b32b3ea37d563b5d0,84d44f8e5a90390663e497b3,a15bca90ef2a62e6bb9e0ecc,8f7d6a2b32b3ea37d563b5d0,https://buggy.yodycdn.com/images/product/5959e854519c2e3b3f17c00c66bd5ed0.webp,color_variant_image,Áo Polo Nam Airycool Dáng Ôm Siêu Mát,43664554fe2d2ee1bd5ee884,Áo polo,a6c66b8d301ac0218dbc24e0,YODY,male,Navy,49000,41650,true,240
34f5c75b2394beb83245f8c1:product_image,34f5c75b2394beb83245f8c1,,,https://buggy.yodycdn.com/images/product/256e2be5da7a9c1e6aca2d3f0c8de32a.webp,product_image,Quần thể thao nam gió in sọc phản quang,bc486e516ad2e2d38334f0e9,Quần thể thao,a6c66b8d301ac0218dbc24e0,YODY,male,,49000,49000,true,480
34f5c75b2394beb83245f8c1:7396f9d32354846fa275d71f:b2b1f4a0783a219aa09087d1,34f5c75b2394beb83245f8c1,7396f9d32354846fa275d71f,b2b1f4a0783a219aa09087d1,https://buggy.yodycdn.com/images/product/256e2be5da7a9c1e6aca2d3f0c8de32a.webp,color_variant_image,Quần thể thao nam gió in sọc phản quang,bc486e516ad2e2d38334f0e9,Quần thể thao,a6c66b8d301ac0218dbc24e0,YODY,male,Ghi Đậm,49000,49000,true,160
34f5c75b2394beb83245f8c1:7396f9d32354846fa275d71f:b75b91547e0b1f23c69cc0ac,34f5c75b2394beb83245f8c1,7396f9d32354846fa275d71f,b75b91547e0b1f23c69cc0ac,https://buggy.yodycdn.com/images/product/954a603dabef999bfdb3aa638640e91c.webp,color_variant_image,Quần thể thao nam gió in sọc phản quang,bc486e516ad2e2d38334f0e9,Quần thể thao,a6c66b8d301ac0218dbc24e0,YODY,male,Rêu,49000,49000,true,160
34f5c75b2394beb83245f8c1:7396f9d32354846fa275d71f:a14f9c6857f2f9591f86559c,34f5c75b2394beb83245f8c1,7396f9d32354846fa275d71f,a14f9c6857f2f9591f86559c,https://buggy.yodycdn.com/images/product/c9eb67ecf23ccbe9776227169804c355.webp,color_variant_image,Quần thể thao nam gió in sọc phản quang,bc486e516ad2e2d38334f0e9,Quần thể thao,a6c66b8d301ac0218dbc24e0,YODY,male,Đen,49000,49000,true,160
a0818c0c6efcf7d9e7cfb892:product_image,a0818c0c6efcf7d9e7cfb892,,,https://buggy.yodycdn.com/images/product/c21cad7d757c2de7454f3c8e415cf234.webp,product_image,Áo Polo Nữ Sợi Se Phối Nẹp Thoáng Mát Mềm Mịn,69b494f8475f3a2bdd735e6a,Áo polo,a6c66b8d301ac0218dbc24e0,YODY,female,,49000,49000,true,40
a0818c0c6efcf7d9e7cfb892:5503ba1c95f32f6f34caf775:e1a31f08b27945975ec1e322,a0818c0c6efcf7d9e7cfb892,5503ba1c95f32f6f34caf775,e1a31f08b27945975ec1e322,https://buggy.yodycdn.com/images/product/c21cad7d757c2de7454f3c8e415cf234.webp,color_variant_image,Áo Polo Nữ Sợi Se Phối Nẹp Thoáng Mát Mềm Mịn,69b494f8475f3a2bdd735e6a,Áo polo,a6c66b8d301ac0218dbc24e0,YODY,female,Xanh biển đậm,49000,49000,true,40
60b9b51ccbeb6fd062435f31:product_image,60b9b51ccbeb6fd062435f31,,,https://buggy.yodycdn.com/images/product/f5c7776f9d28c0c935d89a0e3483871f.webp,product_image,Bộ đông nam in vạch kẻ,a41e68b96cad3e7a1fed8845,Đồ bộ,a6c66b8d301ac0218dbc24e0,YODY,male,,49000,49000,true,640
60b9b51ccbeb6fd062435f31:0e7e85c98b564137c87722a7:c0b6a25897ddf72782cf15ab,60b9b51ccbeb6fd062435f31,0e7e85c98b564137c87722a7,c0b6a25897ddf72782cf15ab,https://buggy.yodycdn.com/images/product/f5c7776f9d28c0c935d89a0e3483871f.webp,color_variant_image,Bộ đông nam in vạch kẻ,a41e68b96cad3e7a1fed8845,Đồ bộ,a6c66b8d301ac0218dbc24e0,YODY,male,Xám,49000,49000,true,160
60b9b51ccbeb6fd062435f31:0e7e85c98b564137c87722a7:efb5bd986af962216dc25e10,60b9b51ccbeb6fd062435f31,0e7e85c98b564137c87722a7,efb5bd986af962216dc25e10,https://buggy.yodycdn.com/images/product/acc162428105c65357b347a956319060.webp,color_variant_image,Bộ đông nam in vạch kẻ,a41e68b96cad3e7a1fed8845,Đồ bộ,a6c66b8d301ac0218dbc24e0,YODY,male,Xanh cổ vịt,49000,49000,true,160
60b9b51ccbeb6fd062435f31:0e7e85c98b564137c87722a7:8d027cb29c1a595f9c81c87d,60b9b51ccbeb6fd062435f31,0e7e85c98b564137c87722a7,8d027cb29c1a595f9c81c87d,https://buggy.yodycdn.com/images/product/0f5a7eef4f969f4d09783e57323ef5e7.webp,color_variant_image,Bộ đông nam in vạch kẻ,a41e68b96cad3e7a1fed8845,Đồ bộ,a6c66b8d301ac0218dbc24e0,YODY,male,Xanh navy,49000,49000,true,160
60b9b51ccbeb6fd062435f31:0e7e85c98b564137c87722a7:7628052ffc3555b95fb7c371,60b9b51ccbeb6fd062435f31,0e7e85c98b564137c87722a7,7628052ffc3555b95fb7c371,https://buggy.yodycdn.com/images/product/3ef33fa26a346e4a63601154f97f3e17.webp,color_variant_image,Bộ đông nam in vạch kẻ,a41e68b96cad3e7a1fed8845,Đồ bộ,a6c66b8d301ac0218dbc24e0,YODY,male,Đen,49000,49000,true,160
76fe4f7aa5634a3ae8c50aa5:product_image,76fe4f7aa5634a3ae8c50aa5,,,https://buggy.yodycdn.com/images/product/cd30847f652aee04fb90db5a254ce80e.webp,product_image,Áo Sơ Mi Nữ Kiểu Croptop Cổ 2 Ve Chiết Eo,aa4a4d81f683b69913c3917a,Áo sơ mi,a6c66b8d301ac0218dbc24e0,YODY,female,,349000,349000,true,360
76fe4f7aa5634a3ae8c50aa5:5a5983d6e51db507636c57c3:1f8057850034965c7aca9888,76fe4f7aa5634a3ae8c50aa5,5a5983d6e51db507636c57c3,1f8057850034965c7aca9888,https://buggy.yodycdn.com/images/product/cd30847f652aee04fb90db5a254ce80e.webp,color_variant_image,Áo Sơ Mi Nữ Kiểu Croptop Cổ 2 Ve Chiết Eo,aa4a4d81f683b69913c3917a,Áo sơ mi,a6c66b8d301ac0218dbc24e0,YODY,female,Vàng,349000,349000,true,120
76fe4f7aa5634a3ae8c50aa5:5a5983d6e51db507636c57c3:aa49e88750ef5d490bbe4e6b,76fe4f7aa5634a3ae8c50aa5,5a5983d6e51db507636c57c3,aa49e88750ef5d490bbe4e6b,https://buggy.yodycdn.com/images/product/00e5c7b73278fd7759471b0990d662ea.webp,color_variant_image,Áo Sơ Mi Nữ Kiểu Croptop Cổ 2 Ve Chiết Eo,aa4a4d81f683b69913c3917a,Áo sơ mi,a6c66b8d301ac0218dbc24e0,YODY,female,Xanh,349000,349000,true,120
76fe4f7aa5634a3ae8c50aa5:5a5983d6e51db507636c57c3:f4675e9d0145c032e14f4913,76fe4f7aa5634a3ae8c50aa5,5a5983d6e51db507636c57c3,f4675e9d0145c032e14f4913,https://buggy.yodycdn.com/images/product/58692a78f79dea99807d6812700cf531.webp,color_variant_image,Áo Sơ Mi Nữ Kiểu Croptop Cổ 2 Ve Chiết Eo,aa4a4d81f683b69913c3917a,Áo sơ mi,a6c66b8d301ac0218dbc24e0,YODY,female,Đen,349000,349000,true,120
39d480990e008c1644c53637:product_image,39d480990e008c1644c53637,,,https://buggy.yodycdn.com/images/product/98cfebbc77560e47ae903675c755cb40.webp,product_image,Áo thun thu đông nam họa tiết kẻ ngang hiện đại,05e167d1e970fcae15532bbc,Hoodie / Áo nỉ,a6c66b8d301ac0218dbc24e0,YODY,male,,99000,99000,true,960
39d480990e008c1644c53637:bba8a5561c9fde3aad341b11:09c6f05816bfad6e39684d3f,39d480990e008c1644c53637,bba8a5561c9fde3aad341b11,09c6f05816bfad6e39684d3f,https://buggy.yodycdn.com/images/product/98cfebbc77560e47ae903675c755cb40.webp,color_variant_image,Áo thun thu đông nam họa tiết kẻ ngang hiện đại,05e167d1e970fcae15532bbc,Hoodie / Áo nỉ,a6c66b8d301ac0218dbc24e0,YODY,male,Trắng kẻ đen,99000,99000,true,160
39d480990e008c1644c53637:bba8a5561c9fde3aad341b11:d3994317c485868327ea84ee,39d480990e008c1644c53637,bba8a5561c9fde3aad341b11,d3994317c485868327ea84ee,https://buggy.yodycdn.com/images/product/57129c25740e8ea54783799bcbecad77.webp,color_variant_image,Áo thun thu đông nam họa tiết kẻ ngang hiện đại,05e167d1e970fcae15532bbc,Hoodie / Áo nỉ,a6c66b8d301ac0218dbc24e0,YODY,male,Trắng kẻ tím than,99000,99000,true,160
39d480990e008c1644c53637:bba8a5561c9fde3aad341b11:372586da60ed269289770e45,39d480990e008c1644c53637,bba8a5561c9fde3aad341b11,372586da60ed269289770e45,https://buggy.yodycdn.com/images/product/8eb27d5b0f34953d7177f9399c7a7f7f.webp,color_variant_image,Áo thun thu đông nam họa tiết kẻ ngang hiện đại,05e167d1e970fcae15532bbc,Hoodie / Áo nỉ,a6c66b8d301ac0218dbc24e0,YODY,male,TRẮNG KẺ COBALT,99000,99000,true,160
39d480990e008c1644c53637:bba8a5561c9fde3aad341b11:6f5b4ba5bd0ff9c34d8a441c,39d480990e008c1644c53637,bba8a5561c9fde3aad341b11,6f5b4ba5bd0ff9c34d8a441c,https://buggy.yodycdn.com/images/product/46891e5167c4d77fbf66926f31c36306.webp,color_variant_image,Áo thun thu đông nam họa tiết kẻ ngang hiện đại,05e167d1e970fcae15532bbc,Hoodie / Áo nỉ,a6c66b8d301ac0218dbc24e0,YODY,male,TRẮNG KẺ NÂU,99000,99000,true,160
39d480990e008c1644c53637:bba8a5561c9fde3aad341b11:7d51163fe47a9e4dc50f3ebc,39d480990e008c1644c53637,bba8a5561c9fde3aad341b11,7d51163fe47a9e4dc50f3ebc,https://buggy.yodycdn.com/images/product/a35881fa00c3b7ee70e334f75787aa2a.webp,color_variant_image,Áo thun thu đông nam họa tiết kẻ ngang hiện đại,05e167d1e970fcae15532bbc,Hoodie / Áo nỉ,a6c66b8d301ac0218dbc24e0,YODY,male,Trắng kẻ ghi đậm,99000,99000,true,160
39d480990e008c1644c53637:bba8a5561c9fde3aad341b11:f17b934c5be28061318faa71,39d480990e008c1644c53637,bba8a5561c9fde3aad341b11,f17b934c5be28061318faa71,https://buggy.yodycdn.com/images/product/6709d4f950975bd6e8e4d1b709697850.webp,color_variant_image,Áo thun thu đông nam họa tiết kẻ ngang hiện đại,05e167d1e970fcae15532bbc,Hoodie / Áo nỉ,a6c66b8d301ac0218dbc24e0,YODY,male,Tím than kẻ xanh,99000,99000,true,160
30bdd588b0aa1f48f6e5cc7d:product_image,30bdd588b0aa1f48f6e5cc7d,,,https://buggy.yodycdn.com/images/product/778831db11eb7ca2f6049fe59d131378.webp,product_image,Áo Giữ Nhiệt Nữ Cổ Tròn,63fba99937d4e37a82bfa20f,Áo giữ nhiệt,a6c66b8d301ac0218dbc24e0,YODY,female,,49000,49000,true,840
30bdd588b0aa1f48f6e5cc7d:613d53c70d94ec9ce1e4d02d:74de32ae3287328daab2deae,30bdd588b0aa1f48f6e5cc7d,613d53c70d94ec9ce1e4d02d,74de32ae3287328daab2deae,https://buggy.yodycdn.com/images/product/778831db11eb7ca2f6049fe59d131378.webp,color_variant_image,Áo Giữ Nhiệt Nữ Cổ Tròn,63fba99937d4e37a82bfa20f,Áo giữ nhiệt,a6c66b8d301ac0218dbc24e0,YODY,female,Be,49000,49000,true,120
30bdd588b0aa1f48f6e5cc7d:613d53c70d94ec9ce1e4d02d:23680fd6903ea3b07a45e10c,30bdd588b0aa1f48f6e5cc7d,613d53c70d94ec9ce1e4d02d,23680fd6903ea3b07a45e10c,https://buggy.yodycdn.com/images/product/a7b8f496e935c852a53bf8e334dcdd0f.webp,color_variant_image,Áo Giữ Nhiệt Nữ Cổ Tròn,63fba99937d4e37a82bfa20f,Áo giữ nhiệt,a6c66b8d301ac0218dbc24e0,YODY,female,Gạch,49000,49000,true,120
30bdd588b0aa1f48f6e5cc7d:613d53c70d94ec9ce1e4d02d:ae9577c72b1892558ebef859,30bdd588b0aa1f48f6e5cc7d,613d53c70d94ec9ce1e4d02d,ae9577c72b1892558ebef859,https://buggy.yodycdn.com/images/product/0ebc3ea348b4091b115cd4c92d9c85e9.webp,color_variant_image,Áo Giữ Nhiệt Nữ Cổ Tròn,63fba99937d4e37a82bfa20f,Áo giữ nhiệt,a6c66b8d301ac0218dbc24e0,YODY,female,Đỏ đô,49000,49000,true,120
30bdd588b0aa1f48f6e5cc7d:613d53c70d94ec9ce1e4d02d:08ce3274614772080af3a360,30bdd588b0aa1f48f6e5cc7d,613d53c70d94ec9ce1e4d02d,08ce3274614772080af3a360,https://buggy.yodycdn.com/images/product/7ce371ab38c2be7c31f9606002983b54.webp,color_variant_image,Áo Giữ Nhiệt Nữ Cổ Tròn,63fba99937d4e37a82bfa20f,Áo giữ nhiệt,a6c66b8d301ac0218dbc24e0,YODY,female,Navy,49000,49000,true,120
30bdd588b0aa1f48f6e5cc7d:613d53c70d94ec9ce1e4d02d:930f4a50bbc827fb688718a5,30bdd588b0aa1f48f6e5cc7d,613d53c70d94ec9ce1e4d02d,930f4a50bbc827fb688718a5,https://buggy.yodycdn.com/images/product/33a9165ebdfc891c18fa94855e5f9a0e.webp,color_variant_image,Áo Giữ Nhiệt Nữ Cổ Tròn,63fba99937d4e37a82bfa20f,Áo giữ nhiệt,a6c66b8d301ac0218dbc24e0,YODY,female,Đen,49000,49000,true,120
30bdd588b0aa1f48f6e5cc7d:613d53c70d94ec9ce1e4d02d:8e13fd67f70220558f28b3a9,30bdd588b0aa1f48f6e5cc7d,613d53c70d94ec9ce1e4d02d,8e13fd67f70220558f28b3a9,https://buggy.yodycdn.com/images/product/1be9b4b3269cd4dbbae6da9c3ca6c48b.webp,color_variant_image,Áo Giữ Nhiệt Nữ Cổ Tròn,63fba99937d4e37a82bfa20f,Áo giữ nhiệt,a6c66b8d301ac0218dbc24e0,YODY,female,Trắng,49000,49000,true,120
30bdd588b0aa1f48f6e5cc7d:613d53c70d94ec9ce1e4d02d:e6d3e5ae6ea79bdd35b1ef1c,30bdd588b0aa1f48f6e5cc7d,613d53c70d94ec9ce1e4d02d,e6d3e5ae6ea79bdd35b1ef1c,https://buggy.yodycdn.com/images/product/ca585e17d44f65a71c131a5b23990f1b.webp,color_variant_image,Áo Giữ Nhiệt Nữ Cổ Tròn,63fba99937d4e37a82bfa20f,Áo giữ nhiệt,a6c66b8d301ac0218dbc24e0,YODY,female,Nâu,49000,49000,true,120
0400035ff551fd22c8553ce2:product_image,0400035ff551fd22c8553ce2,,,https://buggy.yodycdn.com/images/product/552eb3929c7eeaaed73b4ebb7af92a04.webp,product_image,Áo Sơ Mi Nam Vải Nhung Thêu Gấu,8222cbe39e8a7c96152f7a6a,Áo sơ mi,a6c66b8d301ac0218dbc24e0,YODY,male,,149000,119200,true,399
0400035ff551fd22c8553ce2:8ceb7d06faf6484814d36b84:ba552251eb9aeb26ac1a06a3,0400035ff551fd22c8553ce2,8ceb7d06faf6484814d36b84,ba552251eb9aeb26ac1a06a3,https://buggy.yodycdn.com/images/product/552eb3929c7eeaaed73b4ebb7af92a04.webp,color_variant_image,Áo Sơ Mi Nam Vải Nhung Thêu Gấu,8222cbe39e8a7c96152f7a6a,Áo sơ mi,a6c66b8d301ac0218dbc24e0,YODY,male,Be sáng,149000,119200,true,200
0400035ff551fd22c8553ce2:8ceb7d06faf6484814d36b84:f6aee7403cec45eb337e7961,0400035ff551fd22c8553ce2,8ceb7d06faf6484814d36b84,f6aee7403cec45eb337e7961,https://buggy.yodycdn.com/images/product/58fc74179654f11403382bf3581c61b0.webp,color_variant_image,Áo Sơ Mi Nam Vải Nhung Thêu Gấu,8222cbe39e8a7c96152f7a6a,Áo sơ mi,a6c66b8d301ac0218dbc24e0,YODY,male,Nâu,149000,119200,true,100
0400035ff551fd22c8553ce2:8ceb7d06faf6484814d36b84:21eff6721c6a780e2ec8140b,0400035ff551fd22c8553ce2,8ceb7d06faf6484814d36b84,21eff6721c6a780e2ec8140b,https://buggy.yodycdn.com/images/product/dcbb202d1b0635fbc05cf9377a54814d.webp,color_variant_image,Áo Sơ Mi Nam Vải Nhung Thêu Gấu,8222cbe39e8a7c96152f7a6a,Áo sơ mi,a6c66b8d301ac0218dbc24e0,YODY,male,Tím than,149000,119200,true,99
017f7fcf7f0395d4f261c3fe:product_image,017f7fcf7f0395d4f261c3fe,,,https://buggy.yodycdn.com/images/product/8b4c07a27daa51344f8169189033b3a5.webp,product_image,Áo Polo Nữ Mắt Chim Solid Phối Bo,69b494f8475f3a2bdd735e6a,Áo polo,a6c66b8d301ac0218dbc24e0,YODY,female,,49000,39200,true,20
017f7fcf7f0395d4f261c3fe:2e682480bc5823e8032c5494:8f011119f16d5459a21358c0,017f7fcf7f0395d4f261c3fe,2e682480bc5823e8032c5494,8f011119f16d5459a21358c0,https://buggy.yodycdn.com/images/product/8b4c07a27daa51344f8169189033b3a5.webp,color_variant_image,Áo Polo Nữ Mắt Chim Solid Phối Bo,69b494f8475f3a2bdd735e6a,Áo polo,a6c66b8d301ac0218dbc24e0,YODY,female,Xanh coban,49000,39200,true,20
8047a82a85d7078038eed86d:product_image,8047a82a85d7078038eed86d,,,https://buggy.yodycdn.com/images/product/b613729093923283d17e5e821958d17e.webp,product_image,Áo polo nam mắt chim in tràn hình học,43664554fe2d2ee1bd5ee884,Áo polo,a6c66b8d301ac0218dbc24e0,YODY,male,,49000,49000,true,719
8047a82a85d7078038eed86d:38384b20ea1cb17935a8cb2f:562a537d1b570d29f375da44,8047a82a85d7078038eed86d,38384b20ea1cb17935a8cb2f,562a537d1b570d29f375da44,https://buggy.yodycdn.com/images/product/b613729093923283d17e5e821958d17e.webp,color_variant_image,Áo polo nam mắt chim in tràn hình học,43664554fe2d2ee1bd5ee884,Áo polo,a6c66b8d301ac0218dbc24e0,YODY,male,Trắng,49000,49000,true,239
8047a82a85d7078038eed86d:38384b20ea1cb17935a8cb2f:3746f5191c185bd827ac6bc1,8047a82a85d7078038eed86d,38384b20ea1cb17935a8cb2f,3746f5191c185bd827ac6bc1,https://buggy.yodycdn.com/images/product/8863e2df6e472339ede1f11c3e1fdbfb.webp,color_variant_image,Áo polo nam mắt chim in tràn hình học,43664554fe2d2ee1bd5ee884,Áo polo,a6c66b8d301ac0218dbc24e0,YODY,male,Xanh 1,49000,49000,true,240
8047a82a85d7078038eed86d:38384b20ea1cb17935a8cb2f:886e751313b1fc39c268103f,8047a82a85d7078038eed86d,38384b20ea1cb17935a8cb2f,886e751313b1fc39c268103f,https://buggy.yodycdn.com/images/product/b613729093923283d17e5e821958d17e.webp,color_variant_image,Áo polo nam mắt chim in tràn hình học,43664554fe2d2ee1bd5ee884,Áo polo,a6c66b8d301ac0218dbc24e0,YODY,male,ĐEN 1,49000,49000,true,240
5592c2bf129a66e947360c6e:product_image,5592c2bf129a66e947360c6e,,,https://buggy.yodycdn.com/images/product/5d6bc08565f015a1bd9b77c585a4abd2.webp,product_image,Áo Len Nam Dệt Kẻ,05e167d1e970fcae15532bbc,Hoodie / Áo nỉ,a6c66b8d301ac0218dbc24e0,YODY,male,,49000,49000,true,360
5592c2bf129a66e947360c6e:76b8fea9f64f05dd6ad57017:bef4c3a9ab9888041ec1ee13,5592c2bf129a66e947360c6e,76b8fea9f64f05dd6ad57017,bef4c3a9ab9888041ec1ee13,https://buggy.yodycdn.com/images/product/5d6bc08565f015a1bd9b77c585a4abd2.webp,color_variant_image,Áo Len Nam Dệt Kẻ,05e167d1e970fcae15532bbc,Hoodie / Áo nỉ,a6c66b8d301ac0218dbc24e0,YODY,male,Đen kẻ trắng,49000,49000,true,120
5592c2bf129a66e947360c6e:76b8fea9f64f05dd6ad57017:150fadca27639bb87f812b4b,5592c2bf129a66e947360c6e,76b8fea9f64f05dd6ad57017,150fadca27639bb87f812b4b,https://buggy.yodycdn.com/images/product/0bfb8cdfc201a6a832445a2262b684ad.webp,color_variant_image,Áo Len Nam Dệt Kẻ,05e167d1e970fcae15532bbc,Hoodie / Áo nỉ,a6c66b8d301ac0218dbc24e0,YODY,male,Tím than kẻ trắng,49000,49000,true,120
5592c2bf129a66e947360c6e:76b8fea9f64f05dd6ad57017:f9b16e61de86df3886aa1c3d,5592c2bf129a66e947360c6e,76b8fea9f64f05dd6ad57017,f9b16e61de86df3886aa1c3d,https://buggy.yodycdn.com/images/product/f425597870dbe673af7a98782e34b122.webp,color_variant_image,Áo Len Nam Dệt Kẻ,05e167d1e970fcae15532bbc,Hoodie / Áo nỉ,a6c66b8d301ac0218dbc24e0,YODY,male,Trắng kẻ xanh,49000,49000,true,120
4e9d5511560c5355df2208f6:product_image,4e9d5511560c5355df2208f6,,,https://buggy.yodycdn.com/images/product/df4fd910c6b43eac8437183c96e71e26.webp,product_image,Bộ đông nam thể thao cơ bản,84d9b69c98e6cf7b9ac4cff9,Bộ thể thao,a6c66b8d301ac0218dbc24e0,YODY,male,,49000,49000,true,639
4e9d5511560c5355df2208f6:2ab1abb14f1613a9276acf0f:12b7cb461df0482fe6797d1c,4e9d5511560c5355df2208f6,2ab1abb14f1613a9276acf0f,12b7cb461df0482fe6797d1c,https://buggy.yodycdn.com/images/product/df4fd910c6b43eac8437183c96e71e26.webp,color_variant_image,Bộ đông nam thể thao cơ bản,84d9b69c98e6cf7b9ac4cff9,Bộ thể thao,a6c66b8d301ac0218dbc24e0,YODY,male,Xám,49000,49000,true,160
4e9d5511560c5355df2208f6:2ab1abb14f1613a9276acf0f:1de2ca6a1224eb64e0b8668a,4e9d5511560c5355df2208f6,2ab1abb14f1613a9276acf0f,1de2ca6a1224eb64e0b8668a,https://buggy.yodycdn.com/images/product/beb5d45d2e9f2739ea7745d647a75d50.webp,color_variant_image,Bộ đông nam thể thao cơ bản,84d9b69c98e6cf7b9ac4cff9,Bộ thể thao,a6c66b8d301ac0218dbc24e0,YODY,male,Xanh cổ vịt,49000,49000,true,159
4e9d5511560c5355df2208f6:2ab1abb14f1613a9276acf0f:f0d11e65ba5acec0b349698b,4e9d5511560c5355df2208f6,2ab1abb14f1613a9276acf0f,f0d11e65ba5acec0b349698b,https://buggy.yodycdn.com/images/product/545002316001dc79664e3dabf85c111a.webp,color_variant_image,Bộ đông nam thể thao cơ bản,84d9b69c98e6cf7b9ac4cff9,Bộ thể thao,a6c66b8d301ac0218dbc24e0,YODY,male,Xanh navy,49000,49000,true,160
4e9d5511560c5355df2208f6:2ab1abb14f1613a9276acf0f:037c60b5207f68d1a1ef1c04,4e9d5511560c5355df2208f6,2ab1abb14f1613a9276acf0f,037c60b5207f68d1a1ef1c04,https://buggy.yodycdn.com/images/product/f15db4cd7ad08602acfb6d16f4b59f12.webp,color_variant_image,Bộ đông nam thể thao cơ bản,84d9b69c98e6cf7b9ac4cff9,Bộ thể thao,a6c66b8d301ac0218dbc24e0,YODY,male,Đen,49000,49000,true,160
d6e9cd67019e329554bab6da:product_image,d6e9cd67019e329554bab6da,,,https://buggy.yodycdn.com/images/product/0d53e3e979ca7342874c22080da8a213.webp,product_image,Áo Polo Nam In Vạch Ngực Phối Màu,43664554fe2d2ee1bd5ee884,Áo polo,a6c66b8d301ac0218dbc24e0,YODY,male,,49000,49000,true,239
d6e9cd67019e329554bab6da:a4ac93a6f0ceb395349c2bd5:28a1956517a26dc02ca05b41,d6e9cd67019e329554bab6da,a4ac93a6f0ceb395349c2bd5,28a1956517a26dc02ca05b41,https://buggy.yodycdn.com/images/product/0d53e3e979ca7342874c22080da8a213.webp,color_variant_image,Áo Polo Nam In Vạch Ngực Phối Màu,43664554fe2d2ee1bd5ee884,Áo polo,a6c66b8d301ac0218dbc24e0,YODY,male,Trắng,49000,49000,true,239
9905aed6b4eecaaee1820d55:product_image,9905aed6b4eecaaee1820d55,,,https://buggy.yodycdn.com/images/product/3db2fc3fb6a50e9290af0a77c4a5430e.webp,product_image,Áo Sơ Mi Nam Phối Túi,8222cbe39e8a7c96152f7a6a,Áo sơ mi,a6c66b8d301ac0218dbc24e0,YODY,male,,49000,49000,true,499
9905aed6b4eecaaee1820d55:ab0b06f6ce2ed4f97d2251ee:62f68520910dbdd03b86d1fb,9905aed6b4eecaaee1820d55,ab0b06f6ce2ed4f97d2251ee,62f68520910dbdd03b86d1fb,https://buggy.yodycdn.com/images/product/3db2fc3fb6a50e9290af0a77c4a5430e.webp,color_variant_image,Áo Sơ Mi Nam Phối Túi,8222cbe39e8a7c96152f7a6a,Áo sơ mi,a6c66b8d301ac0218dbc24e0,YODY,male,Be sáng,49000,49000,true,99
9905aed6b4eecaaee1820d55:ab0b06f6ce2ed4f97d2251ee:960b9fb17ef2e4651cb8ab35,9905aed6b4eecaaee1820d55,ab0b06f6ce2ed4f97d2251ee,960b9fb17ef2e4651cb8ab35,https://buggy.yodycdn.com/images/product/318308268eaf4fc5bdf2f9df7c3329dd.webp,color_variant_image,Áo Sơ Mi Nam Phối Túi,8222cbe39e8a7c96152f7a6a,Áo sơ mi,a6c66b8d301ac0218dbc24e0,YODY,male,Nâu,49000,49000,true,200
9905aed6b4eecaaee1820d55:ab0b06f6ce2ed4f97d2251ee:3b6ef8e6c7116a9facc62402,9905aed6b4eecaaee1820d55,ab0b06f6ce2ed4f97d2251ee,3b6ef8e6c7116a9facc62402,https://buggy.yodycdn.com/images/product/c6581a46be4f7d7a465b6097ff703984.webp,color_variant_image,Áo Sơ Mi Nam Phối Túi,8222cbe39e8a7c96152f7a6a,Áo sơ mi,a6c66b8d301ac0218dbc24e0,YODY,male,Tím than,49000,49000,true,200
332652d8058ed6d111432680:product_image,332652d8058ed6d111432680,,,https://buggy.yodycdn.com/images/product/b1b48bc8a3270207445013af1b520ae5.webp,product_image,Áo Polo Nữ Airycool Dáng Ôm Siêu Mát,69b494f8475f3a2bdd735e6a,Áo polo,a6c66b8d301ac0218dbc24e0,YODY,female,,49000,49000,true,480
332652d8058ed6d111432680:6b79985daa12064bdc0764c0:174e315cbb3a5a9ebcf37bd8,332652d8058ed6d111432680,6b79985daa12064bdc0764c0,174e315cbb3a5a9ebcf37bd8,https://buggy.yodycdn.com/images/product/b1b48bc8a3270207445013af1b520ae5.webp,color_variant_image,Áo Polo Nữ Airycool Dáng Ôm Siêu Mát,69b494f8475f3a2bdd735e6a,Áo polo,a6c66b8d301ac0218dbc24e0,YODY,female,Trắng,49000,49000,true,160
332652d8058ed6d111432680:6b79985daa12064bdc0764c0:eee037af48d6db46ca5776f4,332652d8058ed6d111432680,6b79985daa12064bdc0764c0,eee037af48d6db46ca5776f4,https://buggy.yodycdn.com/images/product/5df557e52134b9e6d7cadfc10669fc79.webp,color_variant_image,Áo Polo Nữ Airycool Dáng Ôm Siêu Mát,69b494f8475f3a2bdd735e6a,Áo polo,a6c66b8d301ac0218dbc24e0,YODY,female,Xanh lơ,49000,49000,true,160
332652d8058ed6d111432680:6b79985daa12064bdc0764c0:3578ef5bf0bf50a2323c3d44,332652d8058ed6d111432680,6b79985daa12064bdc0764c0,3578ef5bf0bf50a2323c3d44,https://buggy.yodycdn.com/images/product/f3dac6b3028cf76a29654e84ecac2d94.webp,color_variant_image,Áo Polo Nữ Airycool Dáng Ôm Siêu Mát,69b494f8475f3a2bdd735e6a,Áo polo,a6c66b8d301ac0218dbc24e0,YODY,female,Navy,49000,49000,true,160
